"","ts.divs.CPI ALL ITEMS","ts.divs.FOOD AND NON-ALCOHOLIC BEVERAGES","ts.divs.ALCOHOLIC BEVERAGES AND TOBACCO","ts.divs.CLOTHING AND FOOTWEAR","ts.divs.HOUSING, WATER, ELELCTRICITY, GAS AND OTHER FUELS","ts.divs.FURNITURE, HOUSEHOLD EQUIPMENT AND MAINTENANCE","ts.divs.HEALTH","ts.divs.TRANSPORT","ts.divs.COMMUNICATION","ts.divs.RECREATION & CULTURE","ts.divs.EDUCATION","ts.divs.RESTAURANTS AND HOTELS","ts.divs.MISCELLANEOUS GOODS AND SERVICES"
"1",0.322347349932839,0.564536288642614,0.377275557671886,0.633322422938831,0.0347277032359816,0.538375585900641,0.147835269271379,-0.0494058941231779,-0.0122372808761928,0.284807551468802,0.0324044069993645,0.471655052794939,0.40803723064029
"2",0.341908508578603,0.308648368720865,0.251788060137192,0.820873946803236,-0.0157798396768216,0.77653647412026,1.40763390974272,0.603049850473303,0.00611938928494205,0.0378664935626771,0.00809847748621806,0.269549942455627,0.0637026623319548
"3",1.15565408379006,0.555509664629117,1.41957558329997,0.184857081408807,2.67037025346422,0.468347178458917,0.504289056407603,1.27011423658028,-0.00203967161287455,1.80473692748608,0.0890760385456213,1.24142930498083,0.594911421860256
"4",0.505275974025987,0.260817776682476,0.384021821053016,1.41632634285218,0.842377102099801,0.474717379217915,0.333643699565478,0.349328028722518,-0.00917870947344523,0.391729852470557,0.0404530744336551,0.4296199057223,0.36880237430168
"5",0.405822851258852,0.165915608357237,0.0429031104755007,0.325575300627956,0.987774762964544,0.219920544835417,0.247467326579542,0.882367161436926,-0.0101995022642853,-0.0674585328430455,0.0970481196926887,0.341631513279084,0.358750244602435
"6",-0.0201085863663741,-0.881372569068128,-0.00357372596668792,-1.73913917132178,0.754716981132075,-0.121752672188002,0.192856591838297,0.596678728043898,-0.01020054266887,0.135008140196691,-0.0161590046053206,0.301980637712052,1.02907405000217
"7",0.321802091713597,0.464204662677958,0.096494049533602,0.103782169916466,-0.0329588014981397,0.443663269500605,0.610820244328103,0.400190566936653,-0.0183628499143107,0.239250261060375,0.137373737373725,0.678886625933472,0.461046898119344
"8",0.485164394546911,0.371701406715252,0.171379605826916,1.41007635147212,0.209806977580618,0.776156473144995,0.2448854650273,0.265730283761978,0.599963267555048,-0.0593401376691172,5.85054874112332,0.70949016388635,0.328722677595628
"9",0.44890467259886,0.151403551845508,0.352865697177074,1.98573773959287,0.364898008015802,0.271663025821978,0.653977301643849,0.229531471840994,-0.0253565125666766,0.364168942722554,0.0686132499809311,0.573491310296648,0.353176460576132
"10",0.371422329036486,0.747701736465789,0.103001243118461,0.607380412722414,0.214566694480878,0.434321146272665,0.505625079003935,-0.0448568123332604,0.00405807099594924,0.201143758627498,0.319975620905066,0.460229246266053,0.886194029850751
"11",0.146436062848765,0.691459161326935,-0.301589554357085,0.347994247542194,0.020815986677758,0.0695245908477693,0.0503081373412151,-0.259813878785009,0.003043429742422,0.0603531974074256,0.0151883353584514,0.227619788515288,0.218551674862355
"12",0.310227631994953,0.839760758805408,1.02850635253924,-2.09442009704179,0.220008919280534,-0.575263662511982,2.41357636706474,0.779103912096235,-0.0486933939295442,0.137679639148236,0.318906605922553,0.537572586672797,1.45732858041518
"13",0.382153058209411,0.267603946159678,0.510779202479927,0.957205519418891,0.0652644694295157,0.515701647729649,0.635816865103722,0.38536550978685,-0.039582656706727,0.320810800193794,0.0681198910081671,0.285934864037984,0.748165753849328
"14",0.390510017857482,0.533779477374119,0.182245119685986,0.378064350115315,0.168984020633833,0.546425294068564,0.107332780406888,0.723297675616208,0.0253835453705387,0.127913958284376,-0.00756372437787922,0.419125823282873,0.184626746261318
"15",1.39372141209586,1.19066487043347,0.402308903270931,1.76291373751516,3.51012193678228,0.515798935214007,1.44500219308934,1.90332326283986,0.0639503014799869,0.662217123787667,0.0529500756429657,0.542305508233976,1.11186190797961
"16",0.572574270787141,0.624547252187879,0.181184668989554,0.622511166445427,0.426030765711682,0.425104556460476,0.749441521942784,0.980638098930431,-0.0365196749748886,0.852110852110854,0.264610266878362,0.432069131060975,0.279465370595378
"17",0.327787149210246,0.321036656549145,0.142598775737346,0.191134627143041,0.703242889274835,0.152061043604546,0.538826502634526,0.440389349352954,-0.0507403009914587,0.169495878168413,0.241290906348968,0.385221010010128,-0.0181752090149034
"18",-0.0974416782896115,-0.593471810089019,0.0659882610356766,-1.92547956790835,0.500424088210338,-0.144990972260228,0.25136948943536,-0.049467104375589,-0.0629499142053569,0.38200230739649,0.180532571084702,0.591019859387698,0.393867781615453
"19",0.162561199510414,0.394107891912987,0.065944745245039,0.0195985242311236,0.163164261400395,0.415057121722717,0.697811945594329,-0.636641770898949,0.0386065082445208,0.0983296725749483,0.225259047905091,0.902205390955668,0.156929019797181
"20",0.666373894945882,0.763744485687079,0.509867850577517,2.03882686627119,0.255582081168382,0.443353113703004,0.037585153864228,0.375829201476163,1.99254572597927,0.270459909421428,4.27030266706621,0.637487581410756,0.239042224097075
"21",0.732142179735207,1.09161041465766,0.876527020498297,1.21940095727775,0.50145674585389,0.593508080945271,0.563565491006446,0.27743317920379,1.35319479433231,0.601804140107132,0.107774105474934,0.828145995009177,0.515019739083389
"22",0.410484296151248,0.99015567765568,-0.0889436234263852,0.616109922737262,0.28432055749128,0.380736360322431,0.28253864474852,-0.339646407845595,0.769245883601211,0.842291640318726,0.624416852077792,0.348119339661124,0.645958770285904
"23",0.125642275812932,0.853877396807401,-0.376634938026432,-0.0740084284758136,0.225143841899,0.207131232430835,0.00465690269400021,-0.826054573769386,0.160864181883769,0.110364201866142,0.335235378031395,0.449901075968251,0.346658214809237
"24",0.456988743842834,1.34115046734224,0.663321418751717,-2.13792745576253,0.687780797603854,-0.257707743312341,2.44243172134393,0.689561002253014,0.0652156984893182,0.387101623571851,1.15163147792705,0.679923373715008,0.48364490593602
"25",0.591009937170228,0.905679906844359,0.573594182116155,1.11304465193856,-0.0964027984355131,0.644588284372438,0.138642665575706,0.838531778320228,0.230538019318516,0.319468882982044,0.576287862815383,0.410022779043295,0.614907076342774
"26",0.487452274159472,0.542194054182765,0.363241334827036,0.667912546839688,0.253646163601773,1.00013370771492,1.12349349735583,0.544659867757469,-0.0776397515528049,0.297304357561368,0.0209628956746588,0.443044731504205,0.501806111490777
"27",1.83337329619861,0.916394906083196,3.32498985252334,1.54101885309175,3.99856997497456,0.462019116206425,0.821475063967325,2.3005929822997,-0.0407925407925336,1.15840650890509,0.153695682548549,2.33565392995694,0.258392912651528
"28",0.949086232815932,1.2041450028885,2.1573313254984,0.479448540900029,1.22960573287145,0.711584329331783,0.409617097061443,0.590542601874056,0.256514895353588,0.559083887104284,0.139508928571419,1.22556020045179,0.579401220811948
"29",0.348075715439133,-0.0802725699709184,0.349291802858431,-0.11696937908755,0.877697090016216,0.272155128423202,0.536537779354385,0.626069625874659,0.0765637417379006,0.137774634836263,0.968236277514634,0.566884699243309,0.416152897657196
"30",-0.166282250710725,-1.11400721248259,0.66421842567459,-2.72783460121103,0.854523797193019,-1.19397142297907,0.89533806730473,0.383207750269099,0,-0.0194810729201023,0.0344946533287427,1.0100494822221,0.333844973138908
"31",1.03875635790529,1.05795269904314,-0.183992640294384,1.05246059841677,1.00133511348466,1.15689381933439,0.592323832837915,2.34194046495668,0.00387367931746763,0.350727638068582,0.606896551724123,0.838341497904138,0.682678701189432
"32",1.04757515598413,0.291196226954415,0.187509931670116,2.25839392592733,0.43215211754537,0.826413911953616,1.56660800034765,2.17309304274937,3.88611823948095,0.50362244093054,6.02550041129697,0.833875895227143,0.531803764410932
"33",0.738505797533628,0.0623452501825827,0.783530008882116,1.16782786790506,1.20481927710843,0.634476686218899,0.688858463118258,0.711692680025444,2.10108316709856,0.980463184331914,0.0387922674080388,0.685424789529887,0.672573728061066
"34",0.099254718952424,0.680029907074453,-0.00944257341600752,0.829886895921406,-0.260104041616649,0.645916699906079,0.416436493434746,-1.53551645487129,0.801592228755066,0.533301446849221,0.568732631034696,0.448906099696633,0.367819543228176
"35",-0.0434896059841705,0.641841714406954,-0.0188869302442662,-0.0190354467211495,0.102808425275813,0.492195190549838,0.15868985654437,-1.82833505687694,0.167557286477682,0.162947809125069,0.250626566416035,0.569674647022711,-0.0299160480900396
"36",-0.0678733031674206,0.6851842091393,1.0169384799446,-4.06166845724595,0.72392976127853,-1.77849019158842,0.756279443141716,-0.0779505330131047,0.0931326009313116,0.0439362093738627,0.737179487179485,0.554239812486257,0.695756260871194
"37",0.555545880427033,1.21446893158144,0.807230793205549,0.316576812402247,0.206416314349656,1.17215832556212,0.270468602578888,0.128613295662983,0.11562991201286,0.414243323442132,0.0445434298441016,0.444347319347327,0.540500380764874
"38",0.3342570142016,0.029307818291513,0.395745733366315,1.10640622865728,-0.312709403618494,0.992152394607815,0.756942121110749,0.734891556117079,-0.0225578835291285,-0.0602844005248349,0.0636051392952641,0.321512316580863,0.321448365047106
"39",3.34869590734124,1.19782151597669,9.26952451342695,2.06840648846072,4.78004331914259,1.61748301389311,3.03200099613996,3.38426806580405,2.18229077354897,3.17452807872451,1.07424357996442,4.76144578313253,2.28896582203888
"40",0.703155011440892,-0.161793007135924,0.918775717265086,0.457786013564698,0.976548577945668,1.25617484157479,0.839929905130221,1.40725464030087,0.274688877308593,0.535353998532639,0.748380604993404,0.625632532891718,0.498676796226616
"41",0.542342521643957,0.948449387601924,0.256925826630927,0.208994961404096,0.943573815238374,0.351110618324268,0.677133269415142,0.622083981337473,0.177045714789026,-0.039909234996971,0.805243445692883,0.5851696077535,0.170177701347085
"42",-0.273832500288684,-1.25215451688128,-0.13370473537605,-4.16800794338075,0.494184013613364,-1.1343547436653,0.615042755391548,0.796575912495534,0.311260782020728,0.30229056397153,-0.0928850083596555,0.863557858376507,0.309376061803679
"43",0.686461004052608,0.973698170679538,-0.0195247127077969,1.58633284130048,0.422166036510419,1.65027566681568,1.09833770433616,0.379413383659655,0.0464565893851132,0.475383548089936,0.384281641254502,0.597062004325877,0.547315125151537
"44",0.308854936750458,-0.771108022912925,0.0697447342725477,2.44922480800667,0.108562585175442,0.398236034253174,0.317924712307383,0.248722116683964,1.35274842734234,-0.0135828041699204,10.8174857989627,0.438979596407529,-0.189719675880773
"45",0.406171181499548,0.088811463510452,0.0613325899080142,1.23693063005728,0.163820950622973,0.284716561013321,0.832150564812473,0.584121278424621,1.18341660759669,0.177732495613303,0.501448629373735,0.383543315865764,0.93441341576066
"46",0.393109972922723,0.936812108595131,0.626880641925753,0.327344735766788,0.188892216258552,0.302107472610125,0.17739727348105,0.174801406180203,0.558730809647079,0.280251322153413,0.15522785231179,0.302108092498377,0.207680664578125
"47",0.0844882772515376,0.30261022450635,0.0443004679236969,0.234077787226417,-0.00459844112846719,0.472964799806475,0.225203549361908,-0.337359675824489,0.0195403763646462,0.264818571106606,0.127310970884542,0.248045534073049,-0.463678516228749
"48",-0.285718924008493,0.900035394650356,1.0433675587413,-5.38148629399918,0.114966314869736,-2.11651677682668,-0.172844248127524,-0.373519055308058,-0.16988312041315,-0.0910368080921486,0.768422798385782,0.201038329835423,1.23341332580464
"49",0.462367517053863,0.603023469472985,0.419063270336895,0.590841949778431,0.0895707494086073,0.85974687280912,0.313582146979607,0.779129483899954,0.00595602749982049,0.165365491484226,0.181040157998669,0.319693094629137,0.275400463648889
"50",0.507235807931039,0.265665991432273,0.302757548482124,1.23526293319822,0.0917852225791549,0.880466330089513,0.972326103216159,0.990118194148426,-0.116561024375716,0.426769690367368,-0.00547615136080593,0.305487791477121,0.344174242555906
"51",1.0867462108997,-0.420627297718024,3.95116114646217,0.724328733096669,2.70288858321872,0.0483535612397779,1.15099715099716,1.0878532645191,0.00851803267518658,1.16303776517819,0.191675794085433,0.992550394390901,0.945831240147599
"52",0.346125626056715,0.399121931750157,0.431632092500078,-0.0326663568730456,0.225451460970105,0.159489633173848,0.505107405738325,0.622532645004537,-0.0536590351594479,0.117177568233817,0.404482098934134,0.516347384635418,0.394693940589974
"53",0.0445073198645618,-0.359438150135827,0.067722442175433,0.358987104078645,-0.195991091314029,-0.325709322524603,0.343764595983198,0.424400181077411,0.0204525118240984,0.00772908454513832,0.119766998747872,0.392825537976726,0.0683725620908238
"54",-0.498895756208395,-1.31826115867343,0.091103128741743,-4.31903438534702,0.515486923145581,-1.14249751894078,0.755925450110784,-0.0770083206551253,-0.14058226618614,-0.24731159052267,0.304496764721884,0.511684905295295,0.374084006627617
"55",0.0654690618762332,0.251002324719529,0.00260057732817121,-0.222871932515323,-0.170947761028351,0.705173722484753,0.378822877205942,-0.187969924812037,-0.0145046244155456,0.118428334255682,0.162628069604831,0.331543710294979,-0.256968789353673
"56",0.33191842466409,-0.351195577288232,0.0390076454985122,3.78191425483367,-0.177912200329133,1.02117727151159,0.18041237113402,-0.47269303201507,0.013653391587809,0.202306068076563,7.09530767981814,0.469023152688353,0.250806162665729
"57",0.31491554537646,0.298472226906332,0.220957134315936,1.4728208546249,0.240609544178572,0.215408313076138,0.169061707523244,0.157051221404392,-0.00938542528775566,-0.0264783759929443,0.379017586416008,0.458345711496833,0.253582490894844
"58",0.0713470319634535,-0.176532893962567,0.204907402604149,-0.35168544451033,0.0889007423211963,0.230555855758485,0.54852320675105,-0.00566764905917116,-0.0349853232302522,0.175465701421396,0.156069073151088,0.249250137298818,0.544926748943264
"59",0.0839710379137326,0.837066729544911,0.168249941759635,-0.464160322989671,-0.122129946262828,0.748780984557151,0.0748052327172566,-0.42509777248767,0.00170719840206779,-0.0187276232442968,0.0804262591736382,0.233881163084693,-0.565610859728505
"60",-0.585721070128231,0.287284327971804,0.87601426430306,-4.95067718273586,-0.148958402810195,-2.64703783860918,0.247948951686405,-1.1706891317547,0.483982484443413,-0.0749245245598162,0.632847815168258,0.218620588173457,0.641841984616165
"61",0.616242038216552,1.12919074663158,0.417552578323144,0.779465840913485,0.171446384039897,0.66326281330924,0.0927508820427025,1.01944823084454,0.465511382942574,0.387032748924909,0.164703533639443,0.218143681174632,0.551703193804731
"62",0.591893902226737,0.816850842377437,0.477040816326535,1.37451930232224,0.0755740292071483,0.856681753649391,0.348856223994765,1.01866281500627,0.42276862718571,0.0735932162432285,0.333848223628475,0.324410305782852,0.60069129836573
"63",1.09343779990876,-0.459022820458366,2.31294589585396,0.906921014993789,2.51649157097482,0.383796335286402,0.981368483948653,1.7872596606088,0.0673582109659066,0.72002458620537,0.422129519268966,1.31222097050112,0.900660484355198
"64",0.371949701195229,1.12577130103715,0.506228596952707,0.423337041052441,-0.251321604991761,0.190565223644468,-1.88269889369028,0.62472275617329,0.0050484652665661,0.219040146462679,0.187923445922555,0.294462862673228,0.0776910870140091
"65",-0.0635708194433815,-0.561487780338188,-0.0641943607723183,-0.814596370536191,-0.0738488271068594,-0.726119983252582,-3.01712322508726,1.15719481282834,-2.31460447271443,-0.0478442885880503,0.385014067821698,0.406520757196249,-0.00495515583964767
"66",-0.318056288205537,-0.0522227299432187,-0.0667061962644544,-3.71063196185235,-0.113028735382337,-1.64120113751385,-0.493687582438285,0.0435793143521046,1.21357759920071,-0.0674492227021206,0.196685843536404,0.53778831997382,0.327056491575828
"67",0.382885336736782,0.00816406505126377,0.598284259190596,1.27573365695635,0.117508813160994,1.06828706539583,0.49992425390093,0.127050965587339,0.15743073047858,0.425652358505979,0.0932423811159655,0.29694713934143,0.714544436761178
"68",0.468253352973091,-0.372250975526134,0.501339362512598,3.66737533822961,0.158668057729083,0.534558413537289,0.243066023515226,0.313598955878613,0.0722193428889462,0.118157181571821,6.27574034124336,0.289984385456177,0.480612044726358
"69",-0.145068444526741,-0.865275888628503,0.0978114683946707,0.392449312514564,0.154076517436685,-0.203764212252378,-0.169169752448273,-0.574639946511502,-0.00764123550287543,0.0703775484793168,0.382911976379408,0.331607893885466,-0.0211499040119745
"70",-0.2194643215925,-0.70917296216092,-0.618053010870889,0.190814886346757,-0.0195007800312008,0.467560710402326,5.05356705767168,-1.43218044019557,0.434734616592936,0.318099195014288,0.303322762994629,0.145102781136641,0.188762143426691
"71",0.202908876876107,0.22809003729356,0.592399587040959,-0.258105772394257,-0.0151702316711022,0.418485515350486,-0.406846491621116,0.763372854166278,-0.135266517309884,0.0808904419853818,0.12371134020619,0.223375996136199,-0.683785671360582
"72",-0.332344030173726,0.511619408315478,2.25789898101312,-5.42588480157588,-0.140887809953194,-2.67888150410155,-4.17686438237834,0.733800574596954,-2.45164021164022,-0.219844169280015,0.530843858685692,0.14256169307072,0.255118728331261
"73",0.465282193650451,0.601563403791161,0.418190073362479,1.43441716977701,-0.0933342015584593,0.440517792981243,4.78336807707476,0.684856852201698,-0.348870510027854,0.159846202032643,0.0864894391842563,0.176444640494045,0.598655878898602
"74",0.314926594315867,0.663676835378579,-0.173718528389888,1.25528483633353,-0.104284348657346,1.13444245706025,-4.34634548517762,0.573748308525035,-1.93247232793681,0.071169004820093,0.100059125847096,0.208158200232167,0.29997892040019
"75",0.875640571859471,0.292116128400544,0.350425516698838,0.00143486433357154,5.20008699434538,-0.36219594921989,1.05117202870579,0.391080494411855,0.416489059391867,0.358824606963126,0.299877322913344,0.353533335996481,-0.17621572684946
"76",0.318840579710145,0.864032803957304,0.220923603192702,-0.0119570312126394,-0.10130036592173,0.186011452469836,5.36250695345819,0.43423098229125,0.0141496502383376,0.148170417454052,0.253680634201592,0.197042374062062,0.131180462208702
"77",-0.00304140878053527,-0.0467840030974331,-0.118514304676565,-0.168375132140985,-0.0310417615164926,-0.188093100016995,-3.77670620534301,0.0444808198704738,-0.075159382101464,0.0439565152132504,0.167186299760513,0.540304318461726,0.187617260787998
"78",-0.61286250893442,-0.585880757932788,0.00237309855477541,-4.30032821446541,0.140766348562327,-2.02915466073362,-0.129855878264695,-0.183179498123742,-0.388468073056769,-0.515458393613022,0.1759292674125,0.428735132572022,-0.424577037324048
"79",0.543195519784567,0.308466596314627,-0.0878025628856194,2.28007810544235,0.126098191214474,1.50529895013776,3.88975368555993,0.429391013077707,0.0435288578560566,0.312385548398209,0.0450308461295901,0.375754952686336,0.536632026069617
"80",0.129358230988141,-0.967872460953301,0.123506638481818,2.8724716571048,0.0103229003220795,0.413228192432302,-0.645172663011861,-0.149023364734679,-0.556749365110365,0.09986684420773,3.83940225953099,0.244992356238494,0.141908017803005
"81",-0.167188497431381,-0.194485756778395,-0.166053848891001,-0.17368380981384,-0.0206436696187251,-0.159497400557629,-2.42357575004879,-0.652061901462264,-2.12606370154744,0.276773549888953,-0.0346770697876031,0.336285608149067,0.020933977455706
"82",0.100481091285554,0.334053841619175,-0.586907449209928,0.565335316297011,0.0103239660548038,0.85973512841151,-0.514573522192119,-0.398812504470991,0.0319313931210541,0.0855843808505119,0.394588500563686,0.206551179874892,0.210905929515559
"83",0.403041825095052,0.745854550202374,0.322673167933463,0.107122712384999,0.0784540424477509,0.637189113376135,2.33943780385277,0.782863196451977,-0.0246249258972098,0.075891187002286,0.246188398911595,0.280019445794855,0.147805410963309
"84",0.0227221086116725,1.03678983945958,2.69458937888643,-5.02180408051176,0.103148079382764,-2.22024653386838,-2.20023573954352,0.723333749042387,0.0410516521009319,0.0630166833998969,0.206807410598864,0.659310826271597,-0.291966119096498
"85",0.443737694987112,0.577209831807468,1.30150334075725,0.408787943746791,0.0989201220014779,1.2127392917701,-0.913041890361932,0.486424338905111,0.189671995112306,0.00640444041202226,0.197781408547604,0.400701227147504,0.125494738874399
"86",0.52319708095232,0.736501458655492,0.28169014084507,1.06298997582082,0,1.12051278938488,2.93944196675389,0.785073050519269,0.417762648924658,0.17931284755206,0,0.297407755626766,0.390474354030079
"87",0.568471576421192,-0.0791251918785929,0.399652872933243,0.690725802489767,2.47261796920035,-0.176479062620061,-0.452942334890882,0.702109822551344,0.232937550983414,0.318562950809209,0,0.292699724517909,0.0816326530612255
"88",0.502617488702284,1.66452859473241,0.714236971999171,0.41129976580796,-0.00602736423361838,0.822619634631794,0.976548449751813,0.104061882132589,0.0868094803186725,0.0839015272201982,0.20168211465843,0.295660467334291,0.47340306432524
"89",0.0949752174042251,-0.514082751744749,-0.00677552679720916,-0.297857659995238,0.0964436407474345,-0.27077642455835,-0.926140310256995,0.764059738729683,-0.0948655168363732,0.249371266063214,0,0.600988969189808,0.0127343924102963
"90",-0.521868050407714,-0.765713569885074,0.103898450557893,-4.59622788634925,-0.116423782568553,-1.30014592254143,0.267855537778416,0.0171942433673244,-2.76004268480169,0.294267084427147,0.196993704766379,0.402676950998182,-0.335826834314812
"91",0.478404721452197,1.73575497451597,-0.286552346570401,1.37975776337231,0.106511254019304,1.15488554151164,0.0896442914515072,-0.445254345097901,0.0669605490765113,0.253298153034298,0,0.297501365117037,0.522205720308522
"92",0.489476260401367,0.294697004947797,0.101826081053558,3.81739393328631,0.333246341316507,0.879336783592111,1.99548597427721,-0.23312035917803,-0.00185877060911999,0.352668701968639,2.80377826217038,0.0919894118309728,0.409875131064719
"93",-0.273066761133012,-1.28512441427091,0.382024503820233,0.106777456366847,0.0760319334120352,0.0914424150298077,-1.04671584123638,-0.830809173517955,0.175657087624059,0.0125885129819148,0,0.298221922124697,-0.439845579393705
"94",0.00444023444436947,0.0908635167314209,-0.702591933704144,0.495500736948262,0.115960573405038,0.832908178398961,-0.14375976146529,-0.851732262850158,-0.101127244050647,0.0199293034183867,0.199559306531394,0.299205236091615,0.319422814099091
"95",0.587564935545459,0.895288777586489,0.319764145594736,0.0993834367371438,0.0339490763854089,1.04253691827969,0.639852123064899,1.72866020032743,0.201530517478354,0.34292545828265,0.199161860503727,0.100680525776076,0.0237616233941029
"96",-0.278088399741028,0.605007601377561,2.15661452210869,-6.26698926182261,0.437195560169301,-3.1116442105018,0.678169648376103,1.1317032653273,-0.476397912746884,-0.163038366271961,0.298148991676661,0.0912663674123237,-0.894808526812585
"97",0.472150497971224,1.10405230370689,0.960389466696188,0.221615479147075,0.0596291069547394,1.23919758650946,0.306979844580502,-0.0102664134284725,0.0763650248186254,0.229254556303449,0.0495437843193836,0.191670698574575,0.933250235709604
"98",0.415595858726792,0.771717911176184,0.166578993512179,1.17848054506648,0.0734987386027175,1.50184019945387,0.865657024937905,0.126632099525992,-0.0493202184978725,0.0386439120172222,0.0577724590434592,0.187589383555276,0.12666043919507
"99",0.520635292052996,-0.0181614553379505,0.722100656455149,0.374729348052072,1.69518440589147,-0.541552137551915,1.24659743051823,0.900685341217877,0.0502755846864211,0.475032103818007,0.164968862127268,0.367060917281514,0.430100725794968
"100",0.308435417697206,0.740213738609197,0.423636758635682,0.350091943338637,0.0253747657713799,0.623294759619908,-0.303102952257006,0.342152511941474,0.186112300161922,-0.12572996113801,0.185284308477796,0.328777244181744,0.0456599436335914
"101",0.0971775012328591,-0.0976694565070324,0.114656571119509,-0.0286949824054417,0.210752268514014,0.0689558448843997,0.247341933045919,0.0573936529371988,-0.114246437926102,-0.0332927577847975,0.0821962847279201,0.644353621267357,-0.0456391048440419
"102",-0.634663034500749,-1.36419697379901,0.20312027313194,-5.34584860814568,0.290148579440341,-1.68883801871036,0.0514024296215165,-0.0134966427101313,-0.576535024502745,-0.142582088775567,0.262812089356101,0.459135143045297,0.352683702549084
"103",0.535180459351059,1.24735052379574,-0.250150953161388,1.19488423561458,0.00194167216807095,1.02524502524501,0.345931875396022,0.838592110147474,0.152451856077973,0.152165756451406,0.0614351245085132,0.345964056155434,-0.122377896669135
"104",0.493168170346103,-1.0437218549031,0.159979245935649,4.80353706877517,0.0640739374405452,0.660881017897874,0.387405068691882,1.2666700132189,-0.0401561420219965,-0.0385039648677199,2.50910728173221,0.248598232593578,0.438272671578255
"105",-0.0360844086486956,-0.897966638256409,0.192100151090013,0.103335323123521,0.0756752561316354,-0.36331775700934,-0.984325592465407,0.361863846662258,-1.99366586010706,0.244646407861993,0.199648618431558,0.202729609383479,0.821107948324928
"106",0.0707509710209608,-0.473016555579453,-0.467480988388369,1.11747520758481,-0.108579738245285,0.96729941727538,-0.0772625036485119,-0.294703567724186,0.0114389209284527,0.278320109666441,0.111580457479876,0.202319447956945,0.316460605308477
"107",0.307332698467677,0.165108168996686,0.277044283797245,0.00198228825443181,0.017469283177074,0.980096151612964,1.1581153991546,0.756274768824294,0.0104844782065738,0.0652444076222114,0.262717936470014,0.225347034433021,0.168555832186423
"108",-0.414275234108674,0.697857131853419,1.63824735592488,-6.17074101421768,0.277519018785899,-3.65463787115619,-1.51854871585813,0.806319446720627,-0.678560536749007,-0.198710451962791,0.58758138796251,0.0629553017357676,-0.197604050883038
"109",0.242665857780477,-0.123917633020232,0.77725158741957,0.255626152034183,0.0774128621470416,0.574122702315583,0.910690261823444,0.442204519590317,0,0.108886146571119,0.0276286706662576,0.237282042063636,0.21810419502537
"110",0.216141442960271,-0.624952132955503,-0.153829944157624,1.43712827212719,0.0773529809904971,2.2121740781619,1.73144634738318,-0.0388462659026811,-0.577646426652323,-0.162633628905273,0.0473503531547292,0.177540260392384,0.367346308786987
"111",0.368085810004448,0.328313578001471,0.80621332995654,0.377042965240371,1.15360089660104,-0.678084179970972,0.740939867941326,-0.127918650215353,0.0559769915262409,0.554062606999439,0.11831985801618,0.513775263600724,0.582834822458378
"112",0.309433421674665,0.714395452450467,0.592496440834078,0.495144274797332,-0.0305646825093597,0.368244467565249,0.308539026017352,0.145916762593412,-0.0347249016127815,0.149618730201317,0.0945440220602611,0.398945643656057,0.139130966577983
"113",0.209937018894335,0.99763557318282,-0.293462651154075,-0.516902293110377,-0.0363066574944559,-0.228289228475587,-0.902818189375687,0.550437921934965,-0.44289629086417,0.0741824476086395,0.224329961824554,0.533953026325129,0.0198482373238607
"114",-0.32065898985294,-0.590554154269063,0.171168538387678,-5.11670030533561,-0.112782673522838,-1.53864113938827,0.181201973088152,1.24136598560596,0.17058065266482,0.142077627921355,0.106023717898363,0.499355954334524,-0.157227904136781
"115",0.517564302360496,0.293232854234393,0.648078686338249,1.8211767015921,0.139702223753213,1.19513409689123,2.05995645620498,0.694974554707373,0.299942914090545,0.169634412139663,0.0941434903699134,0.161528197204852,0.175822159707684
"116",0.352748737643105,-0.210570965445145,0.198761879127929,4.22536720197983,-0.787356431670072,0.548330404217934,-0.111585165736783,0.334823191244071,0.419628990092891,0.0472119302495022,4.17760708547243,0.20684335997756,0.225878330942275
"117",0.0255127351069362,0.0774228807383981,0.043392912490936,-0.0930256462969514,0.15795049600309,-0.29947097345544,-1.91220922591668,-0.253427568512021,-0.0345827969797652,0.136439643410369,0.259564383252475,0.244900815169857,0.612151667428051
"118",0.0935228351589323,-0.485414802117634,-0.530816259087896,1.25367176126221,-0.019231878762227,1.15005668470447,0.165806927044954,-0.190948112612044,-0.189310218907957,-0.0307339261566231,0.16509079993996,0.254772624158028,0.42529361908219
"119",0.100513894984222,0.0213404874777279,0.523266679125411,-0.353611819576682,-0.0904072171889259,1.14622450748165,1.51320079589345,-0.241908707132354,-0.0250324941029167,0.00512389580047401,0.138597542703023,0.140987258929193,0.0241134538001342
"120",-0.642077275555797,-0.0396238779584723,2.50356323975955,-7.33493091316983,-0.0770119368502131,-4.05200086820432,-1.26169455791277,0.358195707991249,-0.351505696318333,-0.148585364853937,0.28055212658511,0.429318825717417,0.0964305624614026
"121",0.347311185128252,-0.0716561723407172,0.737561211534965,0.739501716700408,0.142581888246629,1.2227646148351,2.02849230974544,0.164245104232474,-0.358544175348408,0.0451550666037415,0,0.334025614399436,1.05369319464723
"122",0.286532951289398,-0.201391431709985,0.250055012102668,1.58885344752251,0.15007503751876,1.83139842619711,0.469245610019287,-0.110368314833498,0.00290971164758069,-0.160022977658336,0.0223813786929261,0.25011643351216,0.168322583528213
"123",0.526166902404523,0.310340610285564,0.698407630602227,-0.225810093711198,1.52347652347653,-1.30293159609121,0.535403342609309,1.55317738422198,-0.0814695556029643,0.323641220589743,0,0.383702123266461,0.599292151206021
"124",0.530447996398009,1.47832050598187,0.420101458465449,1.24422746353265,-0.0624467783139404,0.965522084123305,0.132733335491597,0.219155087195766,-0.103861311176257,0.034820011265313,0.0410233460132803,0.623917999348644,0.410944729412122
"125",-0.148357569735047,-0.381467297439353,-0.193385428999915,-0.274102381231167,-0.107930015905466,-0.554067995038887,0.939217588102181,-0.133376758324411,-0.150609726473305,-0.102376150451999,0.0260950605778243,0.21463248445619,0.295905898979787
"126",-0.548056571772992,-0.266843557311069,0.336114516192798,-6.41881614550812,0.00947777461850485,-1.16443066450644,-0.278663057926687,-0.0792011554050953,-0.384390813546132,-0.0625134506399894,0.0447227191413324,0.392650133433037,0.121829497416615
"127",0.403089412560598,1.13371829367839,0.0630566721841364,1.92307692307694,0.130780894617133,0.476448805339991,-0.0562095491994263,0.0326380902054613,-0.991549846138817,-0.00205090342295655,0.0484279541052013,0.401273238291977,0.445675917374033
"128",0.435161009573548,-0.437940930288161,0.047262701851114,5.07005528324267,0.189289973310114,0.721847930702602,-0.075523846252723,-0.161583518481112,-0.160828811050806,0.0256368185733491,5.04523960233831,0.204050658527133,0.115303218273355
"129",-0.0195672835019756,0.12610529792374,0.133847728525316,-0.767399628282472,0.249390693192764,-0.610630091011855,0.369864115140306,-0.278560201683808,0.0751084625495446,0.172235265170539,0.0673472281298881,0.267586671154496,0.355716243403204
"130",0.0782844521486359,-0.187420346352796,-0.528778109765682,0.824317362184446,0.0603079474567059,1.3694614780335,0.237122486581764,-0.399500624219729,-0.303170950890264,-0.0634537248359934,0.0602174914101417,0.263515668272363,0.0188849182137796
"131",0.304511803324492,0.800660958389665,1.35762701816098,-0.586569579288032,0.0357862618424187,2.33179499635658,-0.319677764813076,-0.753634996239649,0.0168390189785539,-0.00409638800987766,0.0920419144718299,0.251104861390128,0.246909994045108
"132",-0.614137700534767,0.351698135701839,2.03353480210566,-7.39626278310222,0.109203193252005,-4.84102494546359,-0.133091737087698,0.543075004341431,-0.0465470967486281,0.0256034738793431,0.0778100021220807,0.374044016965569,0.153576447747783
"133",0.170947356621398,0.0980115534831238,0.122293772571802,0.799047156502231,-0.0658265939439628,1.17591162845945,0.536287732819529,-0.0690878829274322,-0.174385193111781,-0.256993078592793,0.00353406841957504,0.249542505406741,0.258943683365409
"134",0.546937291051752,-0.654254135449894,1.77872778975896,1.53839094173389,0.12609391173426,1.61775064569147,-0.0431213466636771,1.48484515186271,-0.0387096774193574,0.0338749910179903,0.010601830582746,0.131098572850985,-0.239517502092168
"135",0.400667779632746,-0.479362045278053,0.676930000562548,-0.482996271607739,1.18980489455285,-1.53307608770998,0.17415757265884,1.69381309221528,-0.320719683053483,0.518214468958433,0.0883392226148416,0.498848174480848,0.824414231993043
"136",0.296530318146537,0.601713608330945,0.15272862730491,0.782221213067302,-0.0204328039379642,1.02427520503103,0.154714814342216,-0.0380621783745982,-0.55783559788023,0.151089786126279,0.0458958517211006,0.420514511873349,0.19079041744372
"137",-0.104998480285168,-0.602589344311188,0.461206575913131,-0.12785635029261,0.0706004756242606,-0.75141689120134,-0.149698214769167,-0.103568545623467,-0.465801178026204,0.00305801045838994,0.0564612887289151,0.290664258149276,0.251993757427371
"138",-0.593311758360304,-0.897358943577431,0.58867086264347,-5.68476618015296,0.196799227655875,-1.61250687480253,0.275921466052087,0.0731830032475012,-0.464961806708741,-0.313946139889498,0.0493757494533398,0.155554100078592,0.518430711663975
"139",0.306078439556456,-0.271039641440296,0.281570908020168,1.87340046401494,0.159353691076181,0.771893100536403,0.599630996309974,0.484482837424016,0.156722378944596,-0.063395979467884,0,0.137328951885807,0.271376204143081
"140",0.402235876666168,-0.15942183016262,-0.110109926409874,4.23786017409271,0.185000185000184,0.839155887073928,0.649812645259207,-0.163748010006826,-0.491641091907602,0.115617582057781,5.21362098138749,0.158364761391661,-0.0467600923865885
"141",-0.0787434207799809,-0.162717844216675,0.062464404475393,-0.850277888833195,0.110795139786535,-0.742049883542628,0.168080427269879,-0.0485975063404531,-1.55728474469661,0.426166848920273,0.0167521023888506,0.203755623655222,0.250921462999698
"142",0.145167980091254,0.399079983549377,-0.352519966951248,0.288506863396543,0.154941528018604,1.33011025293319,0.368529176533294,-0.39960495327811,0.128820825689968,0.0712352186921228,0.113895216400905,0.0504286434694912,-0.0339380912651843
"143",0.248498653965612,0.148680836860704,-0.38693272898126,-0.825089049590289,0.303878595896712,1.98643128949296,-0.12030874035186,0.442396875762752,0.557848475179856,-0.079319882850637,0.0434986281201866,0.131698751300724,-0.0961905704949584
"144",-0.935068512015402,-0.0651406583751069,0.900800917448152,-7.76623079997716,0.179938673962132,-5.09470561387495,0.228392647633946,-0.379696850034927,-0.0450353629952605,-0.140446579413367,0,0.162377202240815,-0.0240707964601738
"145",0.309997775800719,-0.0409289352413356,0.493125572868935,1.53594710547331,0.0164952988398248,0.536218815749923,0.117057639181528,0.754665203073546,-0.530427926313526,0.0356706074194912,0,0.25127664748319,-0.259177430319524
"146",0.248063304646662,-0.761286604692091,0.0419562560425968,1.25845985000916,0.0348176653839127,1.04519199722559,0.330496055872542,0.841315235976814,-0.325307034249889,-0.0621466048596697,0,0.219922380336346,0.157614483493074
"147",0.32486383366972,-0.311740705084118,3.24386419167793,0.363091152136996,-0.534906299803994,-0.0934966566069062,0.380683054165742,0.808787119427401,-0.620720283403731,0.186555752645434,0,0.567961791661298,-0.085062946580472
"148",0.272828737960418,1.01172683375488,0.0653467794634377,-0.139791332937356,-0.145496067922712,0.215598938589845,0.19968112935933,0.126521985055517,-0.546652532684833,0.236067442026111,0,0.627326402259021,0.478176968045863
"149",0.144288246691682,0.324759086425375,0.123548307388188,-0.502271034101553,0,-0.631220596231596,-0.11122783167522,1.19226366569047,-0.142116702892492,-0.15430062227817,0,0.264672587254267,-0.327623458969395
"150",-0.504967341786056,0.816832806425771,-0.148075024679173,-7.84623931211053,0.267438857943847,-1.92948229920061,0.38045159294775,0.0602329988687922,0.899958141481783,-0.16063930376079,0,0.386419654925652,0.256442952069258
"151",0.0248248469134404,-0.841723056610011,0.259515570934243,1.76851402885712,0.169232750216142,0.645302151815841,0.553107570948752,-0.988107473205113,-2.12196639701308,0.195521339321192,0,0.543340514510193,0.520053135863874
"152",0.768000441221073,0.314731872654672,0.600447253966307,3.8934281096882,0.604168579561115,1.54265191505774,0.208381215046338,0.317333214704085,-0.732193188801988,0.571190454411474,5.73263319843473,0.280443036977518,0.167299311120472
"153",-0.0451541398136412,-0.0286593459635665,-0.0962682909752877,0.175384234010889,0.359594042056077,-1.06582476796355,0.166664118285675,-0.712480229412715,-0.0704503485157382,0.28700494174001,0.765507860690229,0.256092004587649,0.369127987761231
"154",0.212183436002733,0.582404152270022,-0.0770888448937357,0.637206683865066,-0.0745712155108214,1.22366716253179,-0.11906579148222,0.141434292605225,0.226454596921477,-0.318429617985216,0,0.197455024133397,0.190177872245201
"155",-0.00683013455364812,0.186010230562705,-0.473410130976804,-0.788084070497264,0.0163815070986617,1.50635251730349,0.320943880669988,-0.42519029495719,-1.189397734176,-0.052567200088971,0,0.165785604804647,0.178651183564082
"156",-0.883879781420771,0.245556770030086,0.699399256557975,-7.15715250540612,-0.132850461336875,-3.80398612911136,0.566710337893417,-0.550927170115556,-2.99850074962518,-0.326694919539994,0,0.137405533695589,0.349699063753905
"157",0.27014734056483,0.173261041657335,0.706787963610922,1.31807261078483,0.136671769079388,0.871475561057911,0.166631320628952,-0.312270113648305,-1.03966286012921,0.415034603129505,0,0.182436225285332,0.351257167451102
"158",0.338148977992847,1.25695200322067,0.771315405461759,1.47745611434971,-0.0818911393787203,1.35247331753041,0.713810416792704,-0.533124501137028,-1.49216836333401,-0.0252640088929224,0,0.35953866986258,0.192307692307692
"159",0.582231659702726,0.272419378589306,0.308578127154857,-1.03467525217775,1.8868611809274,-0.50575203903549,0.662201934050088,1.51104516480689,-0.237253336375043,0.44678055190539,0,0.629652605459041,0.608956213148493
"160",0.762734949605015,2.79462515603202,-0.11514599480984,0.227594710882584,0.205570054699522,0.649125947139195,0.760773900980038,1.20814378402565,0.385310191854749,0.317997021293737,0,0.437690719107375,0.538018116936589
"161",0.197350635306837,0.581445184148111,0.203028217481083,-0.0961972632860353,0.110601708974789,-0.205100238295652,-0.682487749270877,0.458330263060924,-0.256267155662371,0.0993098467217735,0,0.31763081172318,0.335827008136302
"162",-0.764913795429412,-2.06235352602798,-0.0841375047220039,-7.25973379447676,-0.171065058179931,-1.93285497053791,0.597740214053588,0.413695977466766,0.980884737479171,0.147313778347868,0,0.296740443886989,-0.47212169038614
"163",0.398319716146234,-0.256696590431171,0.180446476138085,2.90716974735312,0.160648305160382,0.826175968212794,0.268199801443259,0.149018232819076,1.58990422127485,0.216142654151752,0,0.245535373869554,0.257002638378157
"164",0.273520012998962,-0.135221588926349,0.471746663464523,3.15174643266505,0.415233546593474,1.44417344499046,0.226103919134579,-1.63238512035011,0.0578813210298401,0.184722915626545,4.39805368074087,0.229720683989521,0.553593585950174
"165",-0.163394279849838,0.167435901169122,0.186105277535886,-0.689338541077522,-0.246690093351787,-0.973552994682181,0.113534156087347,-0.731117735166309,0.59405279727669,-0.0179399013305437,0.517199903776744,0.338478818511612,-0.0216963861956798
"166",-0.1961235172386,-0.1962266344952,-0.349364327345847,0.455602232450936,-0.112085683277885,1.25940366698161,0.597955757165169,-2.08999372553706,-0.378213989494058,0.0378799206515401,0,0.198166580945758,0.0122068656837948
"167",0.253428741800832,0.563622329347679,-0.567783421408175,-0.392842136154148,0.051652892561993,1.56028536331854,0.065881939564294,0.26396496742398,0.0111008736387586,0.188331423446764,0,0.146443830487497,0.324120534866701
"168",-0.323082122338614,0.881969587255615,0.818699368775899,-5.91386329547889,0.690723301230123,-3.37965924289121,0.637902529663914,0.120221572924262,-0.370728025484779,-0.18300445576066,0,0.162812434045878,0.393365505494936
"169",0.119344689161327,-0.0301468582666997,0.167186993534307,-0.134508084718743,0.028288042997815,0.899144188061962,-0.106127789488974,0.148956544208168,0.241758486614163,0.121562375448381,0,0.155022425574192,-0.0700166962891213
"170",0.39553532726484,0.201039662253377,-0.00170314229754887,1.04330722689794,0.0212100323452979,1.38381886288266,0.414774711840726,0.679931399778422,-0.577931892949224,0.318464998706247,0,0.387707566308504,0.15630052818798
"171",0.418263262993146,-0.270859010003166,0.119221991347884,-0.456318280237267,1.15923589390163,-1.24961758407267,0.785541400350742,1.45318600479369,0.118494008227499,0.440467451042625,0,0.459560199392239,0.812570629069609
"172",0.223040335366664,-0.313267901536163,0.876088731627656,0.369845543432068,0.172940868198102,0.841237309947074,0.335063777161015,0.426442400558669,-0.209910453093953,-0.126424747644349,0,0.357621814930709,0.237536030746233
"173",-0.0120656370656391,-0.70634703262169,-0.128164049983981,-0.926148155468665,0.12032645089286,-0.844854070660506,0.442871065757044,0.584423270403045,0.158882896591872,0.272948436480158,0,0.386043058648866,-0.181058124983369
"174",-0.282906292318619,-0.111786994962326,0.683855934349831,-6.06198788742428,-0.0191594238238668,-1.30250849073468,-0.125568984460844,1.26796404983598,-0.120648822556868,-0.227824131605425,0,0.266232805797961,-0.254741390807955
"175",0.287742698865157,-0.116272309749432,-0.348829409002482,1.0952503754494,0.0696839831364704,0.416555987539535,0.521480719500533,0.296317815382396,0.255010737294192,0.648458428476828,0,0.278802183212856,0.184524048297141
"176",0.27216903976619,0.178976776671891,0.526758667115446,4.95700973845714,0.0470039344034001,1.2516983899864,0.132181130788234,-1.92327187939,0.151724753447291,0.212141152437173,2.36627976546608,0.242722017093522,0.182849516182859
"177",0.207249729238268,0.15105959591557,-0.142299901227116,-0.503956595397925,0.156606170283102,-0.914402432072958,0.251238449418745,-0.1580012108504,0.349774985518869,0.190130837457736,5.9937461644116,0.239199342568663,1.2003410513975
"178",-0.0213492741246823,-0.0594625168597984,-0.352065450643779,1.37583699744233,0.00347469552981483,0.782617033006527,0.0807045364444647,-1.1713550448132,0.126545745176831,0.0655391327314181,0,0.177141434992012,-0.0645050880033637
"179",0.368353619474693,-0.0493397184733624,-0.492950637639222,-1.96593977449098,0.165042302948182,1.44605249075407,-0.0848836386786456,2.56801652150489,-0.116407982261646,-0.166184406037384,0,0.211901560764582,0.433385146349807
"180",-0.642253071645116,-0.0043556536384215,0.723645278552709,-4.10398398022108,0.105799916747595,-3.34439143329388,0.607433628318588,-0.580699757798586,0.0421777013152713,-0.432798699645542,0,0.169162790019395,-0.872211219390617
"181",0.358667576718719,0.654828452368839,0.0721803501586349,1.21596357386244,0.155933260564489,0.641569845004497,0.356067216483247,0.503375403580875,0.0465978054652538,0.183903072263081,0,0.16450960124621,0.148191272592557
"182",0.354718692074818,0.347642951935834,-0.0150966183574908,0.723941459054855,0.0415174632830029,1.51235795283371,0.105179014682988,0.911175036140355,0.0754089270862179,-0.204179796016524,0,0.350280515101309,0.159862597436922
"183",0.328217394193087,0.349313591604994,1.13577264415252,-0.104261407750827,0.581003268143387,-1.36636672285666,0.488918775041314,1.55411173976587,-0.091973892711894,-0.0963969192331549,0,0.337470851498334,0.134545118782214
"184",0.0344361738761956,0.562972725189081,0.272045650587227,0.105850654349493,0.0275070056905191,1.2625320447242,0.310883718336563,-0.844958037075572,0.0876220053238841,-0.478511298183437,0,0.356544835152151,0.0843070356856046
"185",-0.158881474420092,-0.549849717240491,0.0926416093171012,-0.834078926936765,0.118591341113383,-0.580013311780925,0.16399366261779,-0.0804736448812959,-0.782366825873515,-0.357146390447061,0,0.307811803288116,0.193479605670133
"186",-0.0822193931678261,0.00286471388668552,0.0909030807880518,-3.90646553973946,0.278102039414962,-1.13092960979342,0.904650904650905,1.15774032100329,0.851082840963668,-0.580829643162106,0,0.21079197556535,0.574063370290601
"187",0.367637299923018,0.0358078977899412,0.533364157268124,2.22856788130856,0.143801143561473,0.272061135159984,0.0536274132336034,0.489074029315995,-0.0354393931003893,0.182756933278738,0,0.194608207887348,0.432335000848982
"188",0.310752019888128,0.731651441825831,-0.100193817548699,2.69006558173428,0.21197305890801,1.14679175660519,0.229512252106145,-1.05403149361213,0.518484871985181,0.0209338490370525,2.56961676316514,0.22422165095688,0.258804557041037
"189",0.133143504969802,0.196153682145761,0.126601009519756,-0.474543196735866,0.320698713793455,-0.871503850830957,0.30714383655559,-0.163006177076186,-0.362610353682857,-0.0747480989066851,2.08590935971185,0.188095814868117,1.29068244023298
"190",-0.043444489790545,0.283724163368371,-0.771782324542691,0.372829493635174,0.0374086039789168,0.769721096371478,0.0656150039642478,-0.658818137549777,-0.588482555695669,-0.21643294568231,0,0.241789813537396,-0.0537868503957206
"191",0.306877749387557,0.298482126437594,-0.369034222545839,-1.23790215171515,0.18357356540657,1.13979495625813,-0.655719789076803,1.75456301721404,-0.0645376655168617,-0.12194512469389,0,0.218504802849062,0.233201783609238
"192",-0.489764834097095,-0.297593861950296,0.666057636408945,-3.11444090653679,0.166270783847988,-2.86752731821294,0.26814444047194,-0.47747913685372,0.0155881174007888,-0.783603374598441,0,0.101935355995075,0.681359138905235
"193",0.220357321932818,0.263116945580055,0.00330000329999969,-0.21574722776414,0.138893593956446,1.11405384391097,-0.18925627768559,0.485464536886759,0.626767305679876,-0.129110349001416,0,0.12728944204794,0.223466524460703
"194",0.177741498031669,0.0014108949306646,0.207893347412891,0.0216988662342654,0.370433017591343,0.547885953213423,0.188241113508014,0.0127509456951502,0.0741240637688323,0.0282794004767162,0,0.497210254961522,0.0684107176791127
"195",0.354852276311646,-0.256779254493644,1.28428886620344,-0.176652436331526,1.38189049360455,-0.374021628726773,0.536233474134629,0.770625566636451,0.443309454320318,0.316033925686576,0,0.355601782225534,-0.155717884768769
"196",0.36538411168443,0.308362566481835,0.209708359072724,0.23440107420889,0.265961867717213,0.810823777767111,0.129591989850897,1.42122132253713,-0.0990567595232084,-0.291888518716088,0,0.296918767506993,0.0672025968097678
"197",-0.0469746989052333,-0.769946695997981,0.00811122106323392,-1.05078944719337,0.144233160364049,-0.141585760517804,0.181193972916271,0.0623726558276694,-0.461621514427046,0.480502306612962,0,0.229011897447351,-0.102636880852525
"198",-0.255871333272406,-0.672180536607547,0.339021541655837,-4.04588993927253,0.203622156739414,-2.11130836778707,0.126470388250488,1.24529033687943,-1.18320272723248,-0.197912376053611,0,0.135142666072241,0.28793221542911
"199",0.257836529022981,-0.26611345589812,0.308776694634405,1.3032769504298,0.257727700771526,0.557469235731589,-0.0543271581463611,0.435074085728759,-0.0324824426796821,0.0301987074953214,0,0.208701459518856,0.263074685385445
"200",0.0992141197357688,0.265388974164038,0.193398659102617,2.60924870382895,0.233995221224359,1.05307752829389,0.483774528455738,-1.56656540751134,-1.01064425770309,-0.0593728615706612,2.39612407183105,0.0846951668217244,0.240939538052043
"201",0.260831007590179,0.218902910121033,-0.0514734268433847,0.0188304708402365,0.902559718546048,-0.838473977361209,0.403007681488687,-0.119016316306619,0.142617829492475,-0.0281936906548097,2.5072001645752,0.310748571111485,1.2634652169536
"202",0.19901662374151,0.461118962981999,-0.58098364877045,0.432234834519152,0.584919186652777,0.80690946427493,0.0363675547533804,0.0512657087830437,-0.350385423966371,-0.170217051921229,0,0.294573214582061,0.141671223343431
"203",0.521867819449318,0.639477049879189,-0.474301902063945,-1.34892367294653,0.594476391026166,2.30548931734029,-0.18311812465498,1.6756681900014,-0.356154439453749,0.201783768513653,0,0.234414859144261,0.177458985877732
"204",-0.53982152312323,0.189212086981083,1.01330470706873,-3.63338374201313,0.608676049080548,-4.02450308631129,0.735165176102415,-1.70117134295832,-0.116107000569143,-0.526601957388528,0,0.121060378863946,1.07649427067202
"205",0.250600532363832,0.699044451334685,0.444408662748574,-0.120776915998422,0.177656850192065,0.395406450983016,0.119178339002124,0.962990674924824,0.202853626293464,-0.504084297470475,0,0.267934431635508,0.0649557565507441
"206",0.432597658273748,0.84394681595521,-0.530610281976884,0.746102907909352,0.313144062245363,1.69209262748435,0.0909492155630076,0.750693053001394,-0.136478402292839,0.0427285212879713,0,0.267218461369789,0.208213406493796
"207",0.388176730030176,-0.891010783728641,1.16518936341661,-0.356816251877978,2.03226782614236,-1.36629331675772,0.60934054920827,0.547586939642852,0.122998428353416,0.431170363139,0,0.80361901898347,0.496229389980085
"208",0.335290263735977,0.683368108554694,0.422156022493736,0.0368746671036924,0.195120428328366,0.825314492086182,0.229775139126853,0.998442051073645,-0.425415747207492,-0.245035995990306,0,0.315902219450348,0.139863541831353
"209",0.049933422103865,0.0389435179905195,0.0460039975887616,-0.330111402359101,0.143328971147261,0.282468898371313,0.0755327043358456,0.0831634295525241,0.211331962531403,-0.165450319227778,0,0.128395729152597,0.156671281789711
"210",0.063985257796606,-1.15811864807376,0.260040908874681,-4.07307872482063,0.441817050404469,-0.957689080666435,0.819639570450592,2.47272629801378,-0.78996865203762,-0.480906096221889,0,0.342849429709124,0.845186559472277
"211",0.327395035361211,0.21520803443329,-0.0854011481709938,1.72462538874751,-0.0573074778514204,0.141593348743219,0.206199106908311,1.23072496370604,0.374574869013711,-0.457689282102092,0,0.322845343628497,0.194795825116634
"212",0.147866766944138,0.0280713573904912,-0.178862560742044,1.68275304462076,0.376586545167124,0.677962005123978,-0.102232066791619,-1.06718346253231,-0.0961560475285617,0.298660645558568,2.12477736246646,0.26012684535861,0.204017953579916
"213",0.150194106790558,-0.22310466274712,0.412279588988951,0.0281615478912034,0.92789871854253,-0.803034486069931,0.293889974940642,-0.271632669052158,-0.250933840548151,0.0787917237991875,2.55465487595186,0.314284567959011,0.427565392354134
"214",-0.00508369025076227,0.655341171176227,0.0205293411660756,0.572180911846032,0.58282724755625,1.04549854791869,-0.0497102416179285,-1.55959458397716,0.0436505657342989,-0.220852121100579,0,0.0639931740614275,0.215853934862209
"215",0.303765935001721,0.623131304663693,-0.475235644252181,-0.381204870859642,0.511011071906564,2.27174746119945,-0.65309861920031,0.361822414366486,-0.14122834211705,0.0440632461290891,0,0.213174163291407,0.0844896113477933
"216",-0.511923768975409,-0.309636212163289,0.77257440192906,-4.11425359935202,0.466045272969384,-4.79151297994168,0.644217848391415,0.498363089320963,1.41313096470046,-0.888046706954815,0,0.0797702616464502,0.424469413233464
"217",0.337519423287569,0.600303633856569,-0.201501818239058,-0.100848158874645,0.302729080065056,0.666592874097582,0.162314287584286,0.16617648998325,0.111112370888566,0.779223463513934,0,0.350709389446857,0.1479955482939
"218",0.211985427588579,-0.639641136401381,0.301285590346234,0.699747193677247,0.848386563959358,1.79350282830999,-0.099321737084912,0.0434502100093548,-0.0747477264233187,-0.534265820318514,0,0.328302885888254,0.273091609821829
"219",0.604210472981537,-0.156062759524023,1.17793224923726,-0.0711164424642252,2.68455376552217,-1.75230139584009,1.1982784558429,1.47008502013635,-0.0136006618988826,0.21444183265289,0,0.246740908850995,0.86184536301257
"220",0.542663963839196,1.46397968012952,0.136784021139369,0.761401733732336,1.45436090770681,0.827031847445014,0.394265696299079,0.525298642005745,-1.12107369160838,-0.227356898893039,0,0.537018756169805,0.157804299290465
"221",0.296791644751671,0.737246055871155,1.08967294289306,-0.523337446283445,0.837525726046184,0.934137830764747,-0.112021013597041,0.0129025598678556,0.276281095953235,-0.18972397224255,0,0.124373224408569,0.48317072032118
"222",-0.0574346680650706,0.150193203074855,-0.208829174664105,-4.61933276304535,0.668991127363427,-2.12467139616118,0.483390695695896,1.91191268674047,-0.216071612305802,-0.270663953140016,0,0.309893041136022,0.0789797672419823
"223",0.436004747329632,0.449903884170189,0.403145147640371,2.31479820627802,0.425196406949579,0.957847357641306,0.391266420361247,0.353182439617217,-0.650764189638187,-0.0113945948185812,0,0.149905494362246,0.428243158554409
"224",0.0820956787819904,0.548324488660268,-0.0229881534382637,2.14321403213507,0.485082996859587,1.53672343837314,0.152063074229791,-2.78019552191738,0.455520446525348,0.207198060626146,4.40718562874252,0.166601587921389,0.261166002195634
"225",0.157842406164566,0.534535588461593,0.165552762278476,0.268609580694434,1.08128470575102,-1.53380472105571,0.552465040318451,-1.37924770666009,0.827698630451512,0.00206769637944859,9.14659325533378,0.430104732451464,0.284690125747744
"226",0.268033305619997,0.911666375756925,-0.497367776689506,0.623079622386347,0.855774406824117,0.931944933840412,-0.0444111713129192,-0.347331859804223,-0.119549128999208,0.142668100239862,0,0.247124429090828,-0.0540180213313701
"227",0.582899149784044,0.223529098698738,-0.395269075193416,-1.29202922588821,0.730816077953711,3.39119757307267,0.0990174423032952,1.6714195183777,-0.371615844970075,0.474882827823997,0,0.214248838409903,-0.116144018583042
"228",-0.773925240544338,-0.933276690651286,1.50705660726969,-4.1637942920171,0.336942787658123,-4.84368632473657,0.587175975244758,-0.662251655629142,-0.947379260632275,-0.885683167909901,0,0.170002318213447,0.269399032926532
"229",0.419120838241693,1.00103185345002,0.527852992181077,-0.1240828657747,0.199049437380672,1.3068216579994,0.0756477337199746,0.641830065359472,-0.852479467720135,0.0414662464753857,0,0.299570572655483,0.632649780696726
"230",0.472938764925956,0.541329441422311,0.440341983808756,1.00379913214137,-0.102705478526455,3.32032901332238,-0.0856692913385748,0.311724747048348,-0.0664080248855337,-0.14818038630523,0,0.435835971850129,0.383364709909295
"231",0.314627731484896,0.250732402544274,1.3272869711944,1.02323674382536,0.638510862801334,-2.17553950106381,0.629200448888501,1.3051753829421,-0.933827644096252,0.0716057326096697,0,0.627943485086346,-0.39667655516531
"232",0.278111293523819,0.462036647009256,-0.178420090102149,-0.00352917302651745,-0.587412963411038,1.1077783487291,0.354609929078009,1.58616546735004,-0.611944689614585,-0.270662656849541,0,0.286645612165959,-0.0707504108088508
"233",0.218695402509494,0.543770227597307,0.281513919299337,-0.184405798635934,-0.482712927782358,2.18891830559758,0.202274969096883,0.649219929542011,-0.438103131845369,-0.488722977258782,0,0.269384967559971,0.0468196871074689
"234",-0.608328863314977,-1.6915578491933,-0.190119716008674,-4.03525210381162,-0.127717391304338,-4.14989590562109,0.485975252644821,1.14130706535329,-1.42712731164891,-0.568448991107529,0,0.247218788627923,0.275079613290563
"235",0.354475094751572,0.580624635452542,0.153278371380106,1.42129454786621,-0.289772263488686,0.529732599671795,0.236852221574613,0.562360182427168,2.51794655245219,0.480269034732794,0,0.145952339012045,-0.443928425078544
"236",0.0696668214818175,1.24812188628516,0.0772648251883279,1.55123244873123,-0.00272877355274037,1.83409153653178,0.237529691211402,-2.67317241040265,-0.530763074895257,0.150608710203737,4.34873993736471,0.241224212880375,0.180649882234563
"237",0.487328244274821,1.53994350503119,-0.334060843614981,-0.0268302717012059,0.226494385395193,-1.22820872476102,0.414691943127954,0.877647147962479,-0.43657789188486,0.067880863862313,8.43773919348991,0.280751008948954,0.618580232823551
"238",0.267399178355254,0.949951284549511,-0.360505303301162,0.523330709224923,0.262738745116198,0.806711457450748,-0.194198623402164,0.289169295478442,0.0439680578001589,-0.0709656547103421,0,0.119985001874756,0.190558290419895
"239",0.573375033335766,0.852117594767909,-0.599527554346191,-0.781354288104374,0.115410726408682,2.54519195482581,0.283244255067605,1.66260999812771,-0.103338916010387,0.349858490073407,0,0.245924150500598,0.186799501867996
"240",-0.674967155616091,-0.288354991437489,1.08295104158833,-5.11431415988735,0.59537533057572,-4.07743901735106,0.462962962962954,-0.0822620845457922,-0.406649068987652,-0.969944217800334,0,0.0224151027981456,-0.0621504039776344
"241",0.715958595750354,0.497556417088663,1.17104382114428,0.0718411176965361,3.26529511688731,1.36236174796309,0.057450891711186,0.454657163922345,-1.55682903533907,0.21018117617384,0,0.331171175657685,0.299638172772498
"242",0.448208971408603,0.419698169160987,0.0485351217790253,0.398620885089507,0.281999060003124,2.08731581634469,0.240666536356526,1.08501529051988,-0.143106626564482,-0.420529384621837,0,0.438035911499357,0.391184262442934
"243",0.812052441555022,1.291372082838,3.04005880191105,-0.0987891275508801,2.10644170181744,-1.28516765331874,0.427772293517603,0.474363783777232,0.234399669654373,0.507608867358211,0,1.15641215715345,0.702960068274705
"244",0.640125645479861,1.6665225394394,0.493629891715286,-0.0320204931156032,0.216753793191371,1.38319430698901,0.112858599097132,1.6464126991774,-0.100568271316248,0.006286869872274,0,0.372514534173618,0.186221815829968
"245",0.683344367729122,2.10216778458248,-0.103635769956978,-1.41971586841013,0.18956743002545,2.30679837303893,0.207280264736909,1.67424996445329,0.608868620221248,0.301750783189969,0,0.229980165731747,0.138015471089092
"246",-0.019961954862513,0.780710732392365,-0.423499985788589,-3.2262688621095,0.405084509009646,-3.18964048389844,0.798374219770648,1.80983346735191,-0.738999397227247,-0.691521032894249,0,0.447978632997459,0.365681512520988
"247",0.620118621175658,1.28716846555348,0.305417594336932,1.39337382116229,2.08807608640664,0.841282692104617,0.112807219662048,-0.0869943453675415,0.15181510135176,0.387087273454023,0,0.0858120112643412,0.168331524507748
"248",0.547430345616462,-0.327612740754568,-0.0583364161520716,2.16408897892399,4.38806229016713,1.59522479754257,-0.0455515331687084,-2.36464037760925,-0.219495040139694,0.563722665213695,2.20117024240736,0.452843859437269,0.180210060807062
"249",-0.239140024610518,0.438642664140088,-0.233481869563368,-0.55959122194893,0.38570631727608,-1.03647712306019,0.155905209632534,-2.21656379808031,0.030383685176405,-0.40843969783797,6.21773900399853,0.250045080242822,0.211890126140846
"250",-0.109383727425072,1.44061677497496,-0.757737916862866,0.0306774932653298,-0.0413780058165614,0.70362226594145,0.601096822089731,-2.59921039684158,0.724127038126032,0.15902409424271,0,0.0323768181981654,0.484554815263483
"251",-0.400736236341181,0.68654351744486,-0.188364535702989,-4.20823629759544,-0.29686224882024,0.309131444069055,-0.996238811654926,0.4817228676679,-2.04458276036767,-0.865931999791081,0,-0.251738192280038,-0.477834401885047
"252",-0.725163161711395,-0.508546082712846,1.94050277317581,-4.71926524731872,-0.0213523131672555,-2.7506959799283,0.520564084684838,-2.15552122415951,1.05163347987245,-0.28238467536299,0,0.0180266794856498,0.31825039368345
"253",0.865948773533787,1.65033522434244,1.51493739577739,0.803276106473461,-0.00474597185637915,2.43267441038568,0.261924125723589,0.961152882205507,-0.196195513093922,1.10737758617045,0,0.341243616701714,0.485191771498839
"254",0.170534848679527,-0.456621004566193,0.300693265027685,1.07916666666668,-1.02043237855668,2.12418488574024,0.167002660113802,0.475380739012254,-0.225885225885225,0.0700206926823155,0,0.222730484139433,0.265457723399609
"255",0.237875908067942,-0.460980858534388,0.00693962526023828,0.190650892452293,-0.198997818216706,-1.03380706772676,0.775267651927436,1.6059295861643,2.18931652695344,0.187983666308122,0,0.274807336161076,0.0381334234008435
"256",0.556053185672911,0.929645096321252,1.60849351190062,0.354861603974443,-0.365156392639221,1.0286754665453,0.0189076126775545,1.51489361702126,0.0203583061889168,0.292912762031827,0,0.384867441167724,0.0609902197826084
"257",0.286900891937836,-0.175873731679821,-0.717075969076963,-1.46669946497755,0.169986015334911,1.00919084519733,0.212670431720974,1.44438056912906,-0.00359191101638734,0.653751013366044,0,0.118697179755012,-0.0380956527417986
"258",-0.0357600156882576,-0.438200216841333,0.306786446367413,-3.19238570759869,0.143219920807813,-2.70963425512936,0.726260935178846,1.68472999456921,0.0251442802749136,0.139400885970065,0,0.0865462133067929,0.371301952329639
"259",0.44889104295045,-0.598938245836933,0.364823348694299,1.26576837942964,0.169454860109619,1.47507163323783,0.451810754500537,1.61850247883988,-0.0646404673266376,0.187671430633762,0,0.101870387699732,0.0900412236927828
"260",0.0413569680747239,-0.915232574063096,0.0491951132854052,3.58431305971734,-0.0155970677512718,1.569965099337,0.244698205546512,-1.48760897135609,-0.340180870815121,0.200699876492383,1.83946202152598,0.00355000177501008,0.199429890638725
"261",0.174546122664587,1.05268007278927,-0.174829950555899,-0.446620638790429,0.148795238552357,-0.766177010241653,0.398698128559816,0.0371139281613475,1.52402014398865,0.125314570386736,3.29827273338261,0.240208259377583,-0.467294774303117
"262",0.280850576030267,0.576703897880093,-0.606135237938865,0.596793776881444,0.0970524802300643,0.878549496851133,-0.224607226795415,0.613312000741995,-0.299518166427926,0.195943658504061,0,0.0649251000436779,0.147801988806173
"263",0.562414266117961,0.956417288035727,-0.227138196385068,-1.33686557698995,0.101746447851969,2.20390571193707,-0.475753953979507,2.18708948860364,0.0593711408758635,0.0358356882499855,0,-0.0377500943752329,0.358107888140125
"264",-0.163688446323818,-0.232349309686841,3.68663594470047,-5.70294114597912,0.4591873340827,-3.07371258396192,1.09596707435087,-0.147722147045559,1.34217834001851,0.303982477508358,0,0.35522092145015,0.489830343530029
"265",0.368902855581354,1.13069990886898,-0.367265469061895,2.04819806943863,-0.729675038685873,1.08098409921729,-0.0691969691727579,0.61321979920721,0.26933030434324,-0.0275510204081675,0,0.531533332549361,0.0355090709535766
"266",0.577411743352396,0.261436454254182,0.785319336485313,1.79700714278019,0.124704725589653,1.57751103813981,0.0669367217163375,1.11682305930949,0.105107033996288,0.266399926510363,0,0.40823965656398,0.195768390934425
"267",0.57409684077554,0.307357722224078,2.14412552012933,2.24153076019431,-0.107783140321682,-1.58031540780218,0.0795783500755487,1.31761519420115,2.85707619258724,0.0254494370584668,0,0.583657587548636,0.781543548508301
"268",0.22765504093305,-0.131637168141596,-0.15049299429164,0.318817476994426,0.0875184328205991,1.1762486545269,-0.0126763160320786,0.69789863487959,-0.249529297007911,-0.134338839190307,0,0.288398058814665,0.169370559348936
"269",0.148814518926299,-0.0753203885646037,-0.372901616340093,-2.14724242893257,0.0539025442000796,0.696447569014103,0.296202385754629,0.35033891481977,1.06656357310169,0.481009304268976,0,0.202106527463397,0.606150835850094
"270",-0.224565950885969,1.00428984736125,-0.00782503227826359,-4.94970158382015,0.0275353470052364,-1.87012590946717,0.790604674679951,0.707989548209409,0.0360019801089129,-0.296149048164795,0,0.186715535424087,-0.493626197069952
"271",0.513968982699731,0.108649129160776,-0.108254750818448,2.75904149101398,0.0550555342780479,1.03113380320772,0.490251966708488,1.2962125616347,-0.801880426469925,0.178013773179941,0,0.0908829450676052,0.377101944996228
"272",0.00111403235150132,0.0504286434694912,0.594087846660063,6.36099625379209,0.167468121246928,1.70504482334328,0.138416156115273,-3.42544372409395,-1.49201274333073,-0.0944335005381713,2.99614502513053,0.259758172038071,0.318538743200625
"273",0.256224586420095,0.440480364656382,0.793063613826028,-0.653681015844665,0.138527311375958,-0.975414794331131,0.688858172259876,0.4358017762224,0.998998699460207,0.592545914685583,2.2204323999937,0.139860139860137,0.0168785273484851
"274",0.373354075226406,1.5611022625619,-0.336106317768559,1.96883780332058,0.280249004221633,1.62534224908097,-0.184539214583102,-0.0712227299124679,-0.303116631530953,-0.225316251060903,0,0.183166956681013,-0.0348060879011958
"275",0.995228659042846,1.56288602210599,-0.876048221415371,-1.87370994569248,1.39851823663024,1.24190934169144,-0.171352557887861,3.57573631000681,-0.286893209432049,0.44658680087899,0,0.238824389797965,0.428369452826605
"276",0.0898827140195069,-0.076148574329471,4.57016228899172,-5.8989911367071,0.599308039641122,-1.87553011026292,0.782573345077586,0.954911654792023,1.31937916962792,-0.183486238532116,0,1.30527467767125,-0.256345604303243
"277",0.739223760294383,1.0795935647756,-1.08575061392904,3.58634908577939,0.286793508673755,1.37113591425266,-0.257711743812117,0.831576850074978,1.30672368733666,0.25351486748546,0,0.505255103189062,0.598272593216764
"278",0.276125974322472,-1.35078534031414,0.507876496534343,1.12193588937777,0.416172607007503,1.73417181837563,0.68863250839728,1.17207812467501,-0.154114178504416,-0.402986127202576,0,0.217208755528198,0.187418854965027
"279",0.999555512190886,0.134805222375545,5.28130603237495,1.27213019651717,0.846260708497337,-0.762726958416726,0.77764141470491,2.82891828825773,1.08829385052458,0.270081631414443,0,0.583181579505987,0.127499033306511
"280",0.203943625688296,1.28475571620892,0.669326505091394,0.350862836158305,-0.0585459930433574,0.37796007136901,-0.183776722353224,-0.752751591974643,0.93052589650251,-0.14526965680044,0,0.472059623907328,0.60432735964262
"281",-0.0931946482705337,0.942971668986581,-0.582062536231032,-1.87559886648591,0.0218240294050043,0.442798994499194,0.0188551591042696,0.272965350523768,-0.938390703793024,-0.912287082499852,0,0.186831166533996,0.0228244179773407
"282",-0.00428880835460221,0.289269051321916,0.617599809603142,-3.50293989320812,0.390450051103031,-1.10368803535152,0.620994034021605,0.567548291830322,0.843256163959105,0,0,0.150068965517236,0.3059848563427
"283",0.58759194527247,0.14059899306309,-0.565319204295489,3.70653461083001,0.525057481783131,2.00859768751851,0.447442086005867,0.959886531623311,0.107543401444143,-0.414971604522885,0,0.239089476757637,0.403288351171094
"284",0.642788615286216,0.207505290868748,0.777867643560604,4.40347544455171,3.49120371424019,1.15527137978639,0.322566488194509,-2.10334695331282,0.907655880031566,0.101359652715205,2.34523460070759,0.392402558860394,-0.0154487872702003
"285",0.0699056274030108,-0.859209197865374,-0.0283252684999402,0.812329107631116,0.595958041035338,-0.601309335686584,0.0776482425249858,-0.659922587947559,-0.134706470255952,0.724141105235709,2.66737112234885,-0.00875896425247547,0.389369592088995
"286",0.164057621270342,0.605827583340268,0.265624631076888,1.15097838093736,0.36179608254634,1.01375067101623,0.0907014610584733,-0.5646096563511,-0.138151596901914,-0.249799449628851,0,0.186144294677359,-0.00102608303064189
"287",0.449098632626743,1.37788565821413,-1.50121863630476,-2.8139899960023,0.17643407137955,0.962698007153806,-0.199799109092491,2.20987692213255,1.2570669164824,0.290126535889157,0,0.108200268861269,0.29448885149348
"288",-0.507053514133327,-0.357619537641751,1.88390551783493,-4.87494105725724,0.185907959252463,-2.2228520527978,0.719841591090575,-0.747725293534729,-0.293690495401,-0.0131955581721188,0,-0.0141927595091573,-0.0552463578327056
"289",0.602683527707581,1.22292889425142,0.833020461798384,2.85084481194762,-0.319038110947123,1.54975361298604,0.116219709559351,0.589979426358456,0.5718478237414,-0.164458656920963,0,0.379983184652177,0.642849831098369
"290",0.300587511955186,-0.500030304866961,0.186172069535284,2.15757252581601,-0.157852337303244,1.29061197027309,-0.020613188100771,0.753952737590358,0.556795262412546,-0.0854153320521078,0,0.225168876657511,-0.0223763705526903
"291",0.593086248991437,-0.117767693073023,2.92211563029894,0.204776101424398,0.913719974267568,-1.18761259674512,1.07319190494277,1.20605415302559,0.439555749965326,0.420317731709052,0,0.975710347522196,0.140392284528357
"292",-0.059375618496027,0.321193702163991,-0.0699632128912886,-0.123215627347861,-0.0907607697377744,0.620295582558383,-0.0289873743880453,-0.770856890025062,0.828526815589048,-0.41146424517593,0,0.421337747347827,0.0253977284271789
"293",-0.408580183861074,-0.064843615436827,-0.537512986133071,-4.2105474313454,-0.136264829614896,0.0445398226505134,0.413458337360506,-0.48552828449977,-0.166450702148058,0.106852828038173,0,0.0492352481563429,-0.257975400928312
"294",0.104657247514406,0.159172707456778,0.756130790190723,-2.61350309934664,0.402854636618621,-1.05633802816901,-0.0267373959915163,1.02557975127202,0.363003218487834,0.151467404011352,0,0.208611928323088,0.121175092917869
"295",0.506011500261372,0.217628957810345,0.209586910959381,2.84169103733012,0.136981868777841,0.779236716161491,0.0203258555580454,1.30592050147347,0.0778054653082449,-0.228380024360531,0,0.10462261129498,0.29392620316504
"296",0.372396862712465,-0.00303008878159705,1.05136508793235,4.658602628305,0.112020680741054,0.519533231862002,0.150808590741858,-1.29686922343509,-0.0136579010957871,0.632789053359795,0.483738163853431,0.281545943178907,0.68855019115126
"297",0.527504870870121,0.488869136600534,0.368322075956673,1.1827344741127,0.137717335169563,-0.561264662534566,0.180484210301479,-0.127152474544867,0.196490490700851,0.364952434869648,19.1466323290558,-0.0393483069593192,0.010071304838255
"298",0.157730332676964,1.12274847217755,-0.515532495177262,0.623944871706272,0.644662197008761,-0.0974559925283724,0.045839285333571,-1.00568473412024,-0.209738141929805,-0.0342472652551495,0,0.547901484121494,0.38367807294919
"299",0.463182164398801,1.23651905968889,-1.14562089755164,-1.4569822316847,1.98244939789904,1.25495376486129,0.101226438214574,0.729774188724397,-0.120852906249669,-0.074563701583974,0,0.0359750290974459,0.0491558239619438
"300",-0.471292160157366,0.0756021168592635,4.29739022603011,-5.41627670801887,-0.119335489746564,-2.27507652165186,0.183087796985437,-0.624523689341527,0.96483659855644,-0.135121508520719,0,-0.0222118801827764,-0.674808486744483
"301",0.670139174833229,0.685791652767698,-0.550169158100677,2.04530621697299,0.477912277943715,1.4756926615868,0.00318755578223584,1.21307491584168,1.01189049489887,0.507896118583151,0,0.283528876569727,0.13426341877063
"302",0.347666036095928,-0.438489646772233,-0.485827319363519,2.35607225013152,-0.0125168194761716,0.786317866720632,0.209309491176057,0.594347791860184,-0.0670587021562086,0.513366620118738,0,0.179341920646481,0.229857246552156
"303",0.191572833341813,0.688035233667739,2.28699992354824,-0.0382968002015538,0.632178512189796,-1.27721102096554,1.1864370838458,-0.635833626795002,0.259123522428117,0.0229885057471124,0,0.463348111329909,0.130758398712527
"304",0.212564710189889,0.0417970800365541,0.458064171693984,1.18059826388539,-0.153423521484486,1.05370219690806,-0.0513438465971627,0.432180196499243,0.343918612792948,-0.2668052321805,0,0.336474460435432,-0.100452034153686
"305",-0.195875451629923,-0.549936358954928,-0.34437311338803,-1.89023296598179,0.0726766822056302,-0.484117718104593,-0.0293544125972267,0.111746081535435,0.0318111852231739,-0.163316834659233,0,0.121184262760909,0.212166918049261
"306",-0.0447431842910739,0.249132919740114,0.649530716723534,-3.1951737236063,0.368306929357698,-0.967888748419721,0.654376140439172,0.877304638160803,0.266718642607278,-0.446594341800233,0,0.2159894822513,0.117397979149314
"307",0.432371941604348,0.48435824968327,-0.0646398711441232,1.95981744741123,0.0341113477083432,1.76167813885086,0.198995645016775,0.957030681277726,-0.134027685413496,-0.00504042420209627,0,-0.053100109323756,0.0631401711800095
"308",0.354538087520262,0.126082613207634,0.453832124528142,4.18180134385642,0.102299147507101,0.15956966369941,0.200680024539102,-1.35271552594388,0.0583956561827748,0.579678001471873,1.91707808316752,0.46148717628185,0.338538275858613
"309",0.0565256889068388,0.146265389346856,0.302947137307874,1.0311416634567,-0.0330325990461788,-0.35470231057495,-0.162920532137889,-1.50770910083231,0.301022863403189,0.178413920295073,8.19525949847566,0.212574012049305,-0.227592609229488
"310",0.0534673042390521,0.0106395326343378,-0.0652473611651883,0.713650272262467,-0.0216848061791342,-0.0955273107553722,-0.0207880759596435,-0.544236535093356,-0.173538448974597,0.427230704580484,0,0.0838144905941585,0.275134816059874
"311",0.413393964448105,0.342363078946595,-1.19628057834268,-0.917288708127473,2.28152983340391,1.73623343029401,0.082129973281786,1.03174840064075,0.38142569357098,-0.42541320873144,0,0.0217114853757749,-0.224492646618635
"312",-0.612517446705962,0.167705994043543,3.07807087663201,-5.38814216858028,-0.173684741997371,-3.05110904450029,0.626376365978309,-0.60859118035177,0.505276883582573,-0.504272307045806,0,-0.167452245100475,-0.254997450025507
"313",0.507178290344412,0.515746629845948,-0.929554454933668,1.13071570576542,0.0799126019138452,2.44810906790212,0.45937380640233,0.296250792644259,0.200689235759177,0.831640554292967,0,0.390341885651591,0.263669721091575
"314",0.23119992762437,-0.511185778696754,0.300582378358083,1.79587991972805,-0.119267816893576,0.281892163796282,0.165440420896878,-0.0434666640323211,0.233668494203809,0.392942983374711,0,0.475458699037734,0.287974082332587
"315",0.356028923589169,-0.477248891069859,0.859503444257137,0.967592685723484,0.572764346937338,-0.873097858476701,0.756075792238153,1.96871015882114,-0.119084863102858,-0.106295262410216,0,0.16218435639499,-0.413771099833482
"316",-0.0619591069893843,-1.14083512998754,1.48563882469461,-0.0866671979598332,0.0462846506011916,0.488992655089837,0.0845093367544347,-0.68621274533559,-0.513281668367516,0.393810414097628,0,0.354588124372301,-0.131154762619889
"317",0.198992040318391,0.132025466245489,0.0406636304489227,0.568312113024327,0.0543090183142025,0.219374781871662,0.0529009023673144,0.558228502835068,-0.0751551344159718,-0.0267453839448484,0,0.383971243004777,-0.0681697426592187
"318",-0.340309172380071,-0.167011759190538,-0.692016909194371,-5.68967055627708,0.306578881238395,-1.47853340629819,0.131165543116851,1.28495035860208,0.0660642958054236,-0.196185286103534,0,0.416073245167858,-0.479520078649331
"319",0.387534798021272,-0.22207656260701,0.976188770759356,2.59755277100329,0.0521094298025826,0.988699138549176,0.485387599260756,0.828837806502292,-0.0406281105897133,-0.115162766686194,0,-0.180328034930954,0.20966685146917
"320",0.0359105826492012,-0.156878125306403,0.673888590508809,3.98774577608376,0.0530838725185667,0.584011680233587,-0.223331581713093,-2.42901128977078,0.116853293230634,-0.099392710538615,1.91562346861496,0.165430169185332,0.316859968012229
"321",0.118661813830578,0.0648139055288155,0.636160489601978,0.577391098718105,0.0880924971219832,-1.06480284742797,-0.379804527269967,-1.09474832476234,0.0365374661267293,0.438757946891388,7.88674214276348,0.338419762092945,-0.115313653136528
"322",-0.260945779052624,-0.22572034230981,-1.22526955930304,0.739637724462905,0.0330056109538734,0.116570027434149,-0.227734851565686,-1.1954937566471,-0.267843555014458,-0.252595292812419,0,-0.03029446217232,-0.149578870227784
"323",-0.00798865610832644,0.299018354218727,-0.209613885147786,-1.0648436284425,-0.0389937609982405,1.61502403966798,0.162020053802903,-0.183387485797437,0.586972665588337,-0.18371947525746,0,-0.0303036424978309,-0.0844526662913236
"324",-0.874827730840677,-0.668824163969794,1.37702189840279,-3.70465022558164,-0.122028066455282,-2.47342842467108,0.696881835291729,-2.00998502246631,0,-0.943170964660944,0,-0.109126182200314,-0.0603743207888918
"325",0.255898768864982,-0.249782797567333,-0.445432069107043,1.34942021884696,-0.00901306894998122,1.38151764372241,0.114164477672252,0.364796152317681,0.852565788142967,-0.0492145755493834,0,0.232652235484521,0.246677406363283
"326",0.189926842993793,-0.181125352600575,-0.121659393915019,-0.0564004431463538,-0.362558339843366,0.405610613810725,0.422835114488396,0.742169653281888,0.213595932652089,0.441139526704504,0,0.233121404783532,0.233013609200028
"327",0.244731747926297,-0.353984055844203,0.462063480878228,0.720519176895018,0.375939849624074,-1.23380629241209,0.670270922099858,1.07733860076997,-0.00800528348710028,0.186085599375718,0,0.250702268402447,0.0280569556199151
"328",0.170093551453299,-0.0945320662719573,0.722473846647143,0.539275030265429,0.0120170642312178,0.562148657089301,0.324419289471845,0.609202851587831,-0.248183655905376,-0.147793089674453,0,0.199859395400237,-0.20636113198097
"329",0.04794486340709,-0.238047808764941,0.156192484853324,-0.415970066077553,0.0340442575347932,0.33760769384894,-0.615895884740902,0.224961845678151,-0.213688075603435,-0.074005920473641,0,0.431997915184068,0.207791686324899
"330",-0.154747761149332,-0.689889278262001,-1.03601724377695,-3.35864894573797,0.269258488148627,-1.42476312189861,0.901036191620364,1.1944666923754,0.285527572512945,0.16213294901819,0,0.102794411177642,0.0410714643479748
"331",0.248980081593486,0.0281491907107689,1.07697403418614,1.52105801941909,0.0648877442025242,1.68034032209055,-0.0962444808255136,0.106506678652751,-0.218548556877751,-0.35871302957633,0,-0.00498489576582495,0.384511400162224
"332",-0.0967513490329974,0.0180908158957882,0.00893708293612239,2.7958851089835,-0.194537001935391,0.735140304216597,0.0357540123947286,-2.48609077598828,0.401884839899114,0.0120335736705446,1.16181311724488,0.182456280284748,0.0398998513730486
"333",0.132787539936108,-0.41098918766832,-0.429934566540557,1.98166955660144,0.148935957538243,-0.960178785092003,-0.699932488781219,-1.01598550594076,0.616425333480097,0.843251481455476,3.57357417494393,0.140325036574085,0.112672124118807
"334",-0.0398831423927937,0.0726487533675657,-0.13761467889909,-0.118532912314795,0.0788486106675368,-0.173728982786858,-0.196962577110349,-0.651241808915137,0.579828338985755,-0.0208801479507637,0,0.19975750829837,0.317716425640424
"335",0.0827905399339635,-0.182498311134416,-1.29516087156237,-1.3093003122477,-0.00498648662125012,1.06419155447981,-0.0120213980886019,1.76906477749277,0.376742806288943,-0.293377621751711,0,-0.158693948801358,-0.208492598512744
"336",-0.784364535161852,-0.370714559890106,2.38656482371389,-3.08505080970263,-0.0349071469890161,-2.36525938681392,1.29546137661556,-2.52845512192195,-0.454137975194802,-0.748069979453014,0,-0.249346830513686,0.230815914359339
"337",0.247114486333366,0.124707242144972,-0.581992806608433,1.285506524149,-0.0828087118755705,1.70085955238404,-0.00296727100086436,0.00513062573113121,0.757050964868888,-0.106524098564931,0,0.512886905947507,0.0496302546032057
"338",0.367753895485756,-0.650100249103847,-0.312080703672413,1.02318482593808,-0.219674881175858,0.73255327207129,0.204747774480718,1.66121138119619,-0.444924618180031,0.342045431681459,0,0.517205504968921,-0.0267870430080919
"339",0.0698867834108663,-0.139636333985649,0.797599226328738,-0.332968889772378,-0.161116003522532,-1.52173267767565,0.893324252026018,-0.115060861139715,0.23578855981532,0.80908744560968,0,0.418929708523486,0.00893140679580906
"340",0.189560220288931,-0.384792038785398,0.389709300600405,-0.209424083769638,0.110256898573668,0.444082748088537,0.230892654482839,0.90133786023201,0.884833810690844,-0.409750469920145,0,0.516324086616815,0.115105629260648
"341",0.201151142180001,-0.395499907784991,-0.349770924676096,-0.652575825713275,0.159195810847357,-0.332089664209334,0.129821958456988,1.0735459061048,0.584390243902444,0.622147657708938,0,0.149414062499997,0.0356813654069255
"342",-0.0526713308952154,-0.297288400608975,0.285742535099853,-3.38691506055607,0.033987764404797,-1.6810349153461,-0.00194967879042496,1.63185637285987,0.280313097120244,-0.0506153235410922,0,0.447573449825955,-0.124840234224066
"343",0.325143431008934,0.420952715041834,0.679292904396167,0.971419647040439,0.111921654841618,1.40456893207848,0.123807017030786,0.883256154033618,0.220528494602856,-0.277035816064097,0,-0.358210693899741,0.285705782565993
"344",0.237863981446629,-0.082193751220061,0.34274075089602,5.16096434242819,0.106805613782912,0.403656056854107,0.262886296808351,-2.29607367536069,-0.0916846819024042,0.0836403465100055,2.22735665741824,0.743353175569705,0.45503556201838
"345",0.0662461191639041,-0.511048729576047,-0.0810008978412768,0.263769451771356,0.193440955638202,0.500285734337247,-0.950706960845249,0.0098907076801158,0.134272273258551,0.248721571124411,1.99725755354863,-0.138289847784467,0.00689308820198686
"346",0.213428190306808,0.417553796225478,-0.542071592518445,1.44349254782303,-0.00398077286705156,0.530715668083226,0.0843162053785873,-0.389655342926365,0.103222072158982,0.466436425707584,0,0.189806610305721,0.227456231906875
"347",0.472288776486129,0.775026245908728,-0.567612687813024,-0.998766003393492,0.182127608754068,0.878202711016729,0.163592370913856,2.94675390434962,-0.499195312575285,-0.0642076772625733,0,0.0502614562290393,-0.254447926593249
"348",-0.533856722276749,0.237971218759903,2.35254612254574,-4.24083667666419,0.18477677773141,-2.49461434796723,0.84889975550122,-0.643269777893496,-0.117192418328504,-0.733426247170565,0,-0.0985402517606704,0.063035555993296
"349",0.72220687477802,0.787618193674589,-0.164038828955748,1.20809054577626,0.0188402348088257,2.37079184447604,0.324870536666744,1.16285841859021,0.946396710883568,0.514801796329678,0,0.723341295245095,0.300214579601166
"350",0.385941540631607,0.354842949139167,1.69140957241165,2.04370761115298,0.128882587962353,0.698708030707684,0.0405981460180005,-0.502782575321437,0.12295396910782,0.367530511967029,0,0.248663075933453,0.648681537600959
"351",0.455689779668633,0.218600153120851,0.364019997338749,1.11068442974034,0.366347515272736,-0.966902194124208,1.04449490313541,1.58829655917296,-0.907590759075905,0.197404135616641,0,0.592821023597923,-0.0838533541341668
"352",0.349687709448365,0.153792028949096,0.811576086441845,0.480099720509908,0.632355697613618,1.17595904895547,0.325122399020805,-0.742336937432952,0.608020448076219,0.929911835689312,0,0.530299424001535,0.101489158225498
"353",-0.0241992469194319,-0.206748429314119,-0.161572134443044,-1.03702267881373,-0.00588189161634389,0.446358806063452,0.123908650730109,0.0803358804908116,0.663048289932044,-0.163968026234895,0,0.286953557087655,0.0945621868236879
"354",-0.06680608806785,-0.0351999356344002,0.295440432058114,-2.95171873469787,0.285288523754446,-1.15809842378038,0.324619690421324,1.03779444789527,-0.376662237220726,-0.17596856028389,0,0.29463147457387,0.0418797175554042
"355",0.55224531318121,0.0241455979556715,0.0900596645277307,2.38152902236215,0.0742963839167832,1.79931136251843,0.0256198582367917,0.983628264179859,1.66588298515482,0.142981657216157,0,0.0555518939429733,0.294982378940389
"356",0.333381509852093,0.756379436939869,0.162148989614974,3.86965778268411,0.0703337924567116,0.201006967597284,0.020870093156522,-1.33650523082111,-0.310538486950773,0.774519103826643,0.890067404062789,0.337831479494843,-0.0485337940808184
"357",0.106596498641132,0.44423147954038,-0.0383661629158261,0.149930728207859,0.340683905858019,-0.368416484226552,-0.011381311885883,-0.165173147023079,-0.189365247689743,0.561868625605277,1.89308655816647,-0.110668229777255,-0.459352633265675
"358",0.302181462366424,0.502892126657262,-0.390361716468213,1.21565283304907,0.0943671563381487,0.277818111417649,0.0303536196691434,0.0874774175144921,0.262768460195795,0.69093295248388,0,0.294816303153778,-0.14244180374251
"359",0.355786795719082,0.64475297654365,0.514063924365882,-0.929575091506507,0.0874746080651523,1.31477334157077,0.0919814899104754,2.2486747354221,-1.30945284928993,-0.414015180556604,0,-0.118890480336264,-0.035172737220579
"360",-0.517492780832762,-0.043232196195564,2.28322456383119,-3.88169706132477,0.080600522446761,-2.59351715989862,0.594014381400831,-1.00251790874207,0.0527279525256663,-0.200169374085779,0,-0.0787298254822266,0.0449587552288966
"361",0.447378000881349,0.128769708646237,0.0484478408717015,1.65450934901006,0.0223170968367992,2.59801236403474,0.0781691467319545,0.542468324730172,-0.521252539189765,0.26035639898172,0,0.100365819341519,0.323362185185916
"362",0.141149990939704,0.417227059874525,-0.460488446673801,0.67598278613219,0.0766372728772113,-0.120128136679132,0.121396911436711,-0.331379284594135,0.0414178385667485,0.623232731259726,0,0.335466701650167,-0.196702793763937
"363",0.380948752869004,-0.149577663068978,0.804993345265959,0.363098440021514,0.309222388088637,-0.824726522975894,0.996315512444546,1.04052522641491,0.455407604247893,0.386152052149646,0,0.755545178613115,0.00097569542691911
"364",0.388041859185395,-0.243794977236023,0.853198812624067,0.217262303554677,0.06184710236663,0.641013301507254,-0.0307113874101983,1.50161284342443,0.295200122680583,0.134252470816754,0,0.379110896889268,0.0663466416890968
"365",0.000945090256121439,-0.455410949492574,-0.121886257550186,-2.14881242300089,0.58525278864261,0.292643739719223,0.163844385071554,0.774400935125663,0.667023431825986,-0.412676980421611,0,0.302881996066207,-0.0877535101404092
"366",-0.0396934156184137,0.241564946461326,-0.257629447497831,-3.65902458544394,0.445507004253431,-1.82416324973778,0.108741112505228,1.31941423807453,0.513565339560662,0.518461229984801,0,0.175840767439084,-0.754367131843459
"367",0.72705613175883,0.196720666489614,0.659784844887112,3.09796373214468,0.0707355541748278,1.2267257204464,0.257167260843727,1.34516313680595,0.387219855878662,0.584178730194918,0,0.117634084475982,0.580154773493824
"368",0.105126809213618,-0.169829287207834,0.153961122565671,3.09625815580536,0.474739466419605,-0.041258875455763,0.187982109288898,-1.83034453544196,0.287883491857421,0.260645380627245,1.03447964861965,0.29924729208739,0.32848749107901
"369",0.0796999531176734,-0.217318622534268,-0.142037792840577,-0.47179252566264,0.579925085087374,-0.100790001631845,-0.313331854480925,-0.379366763156475,0.742033227328576,0.699840816826325,2.08705277440548,-0.161074808266071,-0.118881732165299
"370",0.222045252260261,0.12614192938023,1.32157003961109,1.51497739983144,-0.00472607660025881,0.195057268045207,-0.0241068862247618,-0.3790066416402,0.0372474159605174,0.0710878308858076,0,0.535337794481627,0.220485653798508
"371",0.154245970908273,0.921250775090798,-1.06621174965348,-1.0235269701715,0.0472629996880691,1.06161591944378,0.132619844751325,0.788977861516726,-0.134971609420098,-0.163572803918266,0,0.300891733683462,-0.274514003134529
"372",-0.767241942559527,0.0877731940665205,2.40327621510938,-4.33754920368659,-1.52965297002107,-2.06107304852822,0.565897934611459,-1.19532296188447,0.274036444982984,-0.111411745981227,0,-0.598160066906661,0.144467763190015
"373",0.468419319945457,0.388786576631883,0.852452115344127,0.972402112184922,0.0834756577306139,1.95039240383685,0.220112174321474,0.424788742643512,-0.0399706262374511,0.481760581861823,0,0.173760357031805,0.275847280028851
"374",0.178817185174096,0.0757090443189057,-0.330446276392216,1.02914767233042,0.05464533261752,0.127348583484599,0.259143539790485,-0.107785949784422,0.152507067400687,0.224800850698648,0,0.448254455156305,0.180800186632446
"375",0.587828492392806,-0.25993171942893,-0.445836532421295,0.146500112316761,2.49506544276872,-1.21966267072904,0.792836061667068,2.37838327968445,1.30269266480965,-0.773404562249302,0,0.408990520508601,0.350274591993172
"376",0.292661172688669,0.104049165661824,0.25327549187153,0.490545060903647,0.109376460689914,1.05215619955414,0.144588831194814,-0.344528288518087,0.62234768979772,0.456779470248359,0,0.804692379409278,0.257196174932073
"377",-0.0138955793530071,0.122397831809851,0.242145567075203,-1.01512004813572,0.0298822452772018,0.663706295701116,0.290576249023844,0.395488761897989,0.123881874988618,-0.417355256155283,0,-0.0754269705296129,-0.135983566241349
"378",0.0148240111921272,0.0475409677012317,-0.139529610799605,-2.86775951998117,0.00373416480736743,-1.70689085155622,0.0615685493363216,0.420487943061509,-0.0163758438108452,1.08479597959796,0,0.797972717959783,-0.104299455325074
"379",0.394630797876783,0.533369537811068,0.153697024739974,1.83302883790413,0.0438747981292398,0.941782467470054,0.0434334111515389,1.30466594381122,0.233848953594173,-0.627939116804099,0,-0.194347864847999,0.646751740139218
"380",0.0959630911187892,-0.168808118223573,-0.136022391378265,2.97164153954426,0.0727815620042982,1.1081703764352,0.398871221577046,-2.58703956699936,0.699910128271464,0.515232974910407,1.06066700477432,0.75925396598544,0.25454091384991
"381",-0.166852570543607,-0.642555535156963,0.349250421283309,0.980892332868066,-1.09092943458153,-1.09131654771096,-0.334225201120686,-0.228681685812804,0.0567935958459609,0.423445509248954,1.6707765520225,-0.242903494618896,0.0306589763734433
"382",0.231767899684199,0.86260551600732,-0.190549112075933,1.00091512239762,0.0754162031712413,0.445531829822055,0.29105502928628,-0.269495926224372,-0.0243262967267621,0.458647728953987,0,-0.158182852267885,0.295960002298723
"383",-0.0156611299966025,0.550547172540128,-1.44012832136132,-1.80266908280952,0.0725333936208328,1.35625669361488,0.0423598968942285,0.619450753665074,0.85793590714105,-0.223674521354933,0,-0.504672897196257,-0.0553884352767153
"384",-0.309586112851512,-0.179314577220335,2.34388820095524,-3.30629349121525,0.0527133242339994,-3.25410035346262,0.608102629706031,-0.107959564235938,0.163515493763189,-0.0654999677112911,0,-0.0706726425306226,0.358313347411077
"385",0.409442123553538,0.15466046743966,0.038890329271446,0.927398512981603,-0.0545671787827717,1.8025941891709,0.398474157383855,0.407295592990242,0.245318869927469,0.387718553255922,0,0.540714746114745,0.309429507197811
"386",-0.00460239877023705,0.186073278342591,0.422443954904761,-0.362429459211921,-0.0545969708094507,0.0408252394922481,0.398676429928391,-0.573771950112967,0.63626817591258,0.104831442076025,0,0.0605477793211406,0.224000303729222
"387",-0.161091371025646,-0.223064698336095,0.653797185231064,-1.6082001403592,-0.403108076289138,-1.60197399639366,-0.127034325918551,-0.014315239467122,0.491648170909631,0.442770530957182,0,0.689649035381223,-0.79929540783954
"388",0.00645405176149527,0.54595522975216,0.331612594441211,0.265214683249271,0.06525007801641,0.737832989332765,-1.36001778963754,-1.01473785938633,0.475163887544561,-0.106089151469702,0,0.430398317292835,0.123151533666199
"389",0.108789851197622,-0.555396507300321,-0.287924219708324,-0.0781516141314165,0.0992288500793803,0.834873189273022,1.66372096378589,0.489970077473134,0.0359066427289001,0.220643436544421,0,-0.32823527341207,0.0371860638074706
"390",0.449421645914683,-0.261976047904189,0.384437951714589,-0.760067383282526,0.273788955919962,-0.397838946438911,1.14421550278958,1.28642239634404,0.391329469647883,1.05876656892032,0,0.783119233655594,-0.0581411973274215
"391",-0.420822942643395,0.12122961466301,-0.510620915032689,0.528442962513886,0.0743802431010021,0.536701620591029,-0.59457515938649,1.07202174241281,0.00784840372187734,-0.451069368864476,0,-4.7200224262387,0.195506218051444
"392",0.407870144457845,-0.666916520118011,0.040203928009297,2.89568110319318,0.0404553579828715,0.154556574343623,-0.0714581881379295,-0.711787553384069,-0.0209274341221866,0.170711996149908,0.366789780947352,3.02122025670259,0.0380731194258521
"393",-0.0027508802816878,0.0454690568556737,0.249677215243982,2.49672768476372,-1.5338606077135,-0.424137996326668,-0.250723921180884,0.0849647750203575,0.0296534040363339,-0.00906495036938626,1.76534929665839,-0.0999553770638095,0.101806833426887
"394",-0.148551621688531,-0.27559131258823,-0.228585075441601,-2.68274087486897,-0.00477545796641055,0.0551446119910981,-0.11328636669381,-0.519083159421319,0.111603250444658,0.320021757853217,0,0.7280816166092,-0.0931488099764288
"395",0.257137871816782,-0.321926907077552,0.0854883522120264,0.0372129461881254,0.169059285366346,0.897981679273241,-0.521885521885523,1.5075957581091,0.0174185681937056,0.499737931283772,0,-0.757407785158704,0.0428122918846974
"396",-0.198770735818132,0.568109964298569,1.9662609438394,-4.85448298141024,0.128725899651005,-1.54359066122941,0.592316804873927,0.124350879651103,-0.276907001044935,-0.0818264380322065,0,0.877577100778382,0.181636631639015
"397",0.123905501404264,0.227314496861131,-0.278110523802733,-1.53610305162871,0.0990391299793281,1.54579020871994,-0.385173903803926,0.72331307123803,0.015717504060353,-0.0224982001439944,0,0.356127249049876,-0.0199343116966899
"398",0.294255149465106,-0.599328289067325,-0.0907219958839134,1.6039539816721,0.0627895693206426,0.759245652706331,0.239997866685626,0.681648460429662,0.295093417146841,0.219631846617752,0,0.185376446598329,0.354141941609298
"399",0.643451238460835,0.740812660808765,0.50110562734893,2.43736887572503,2.27992279827722,-0.414158034478884,1.15987266229793,1.0444427195184,1.72443809954907,-1.11910471622702,0,0.68198038645555,-0.449393555223365
"400",0.586664729280573,-0.290098112916592,-0.159788510285863,2.33319277955144,0.146871543173721,0.780127862111701,-0.170057591668926,0.367025725942738,-0.167723495836858,1.16628668489367,0,1.22957634312619,0.613934215903367
"401",0.500180570603104,0.164319475724217,0.469239664158461,0.768174237221619,0.133661298556653,1.35814889336017,0.574263511436968,1.29860189815287,0.257150939029516,0.360936279483193,0,0.335431219309767,0.170021441592927
"402",-0.015272113121434,-0.335819815299099,-0.486230421510903,-2.01727142620699,0.175196284726398,-0.763716570168183,0.326526336007826,1.81337363052514,-0.601899746073542,-0.316696338310418,0,0.498018266413935,-0.197078708898724
"403",0.708015490085079,1.06507615294495,0.362054660196609,0.175872656273279,0.0980863900507112,1.29191787291973,-0.0887628031641219,1.16676973819829,-0.256324241564099,1.17388377832623,0,1.25173614088032,0.288170823885103
"404",0.294419413837721,-0.182986999300627,0.30479912485073,2.12263683072467,0.170096326289126,0.901493956516175,-0.0827446847427638,-0.20702583747656,0.400996886884397,0.505619472559049,1.08899424257825,-0.325153685921864,0.00565264496679152
"405",1.08971222701597,0.495258571044643,-0.547803789669987,1.55208920142194,3.18850477122132,0.724900326205136,-0.325150807210839,1.54938090104217,-0.0841736381907765,-0.196817383476167,3.38839160608608,1.08058514705134,0.446533711411101
"406",0.736536430834223,0.982770476772621,2.59338010011887,1.07693484831095,0.151145215672588,0.48668585822238,0.0481008894291701,1.77748465813581,-0.155594525823533,1.08418818535549,0,-0.275662683004729,0.00937866354044914
"407",0.5014107637342,1.28436722688281,-0.756388916087336,0.712514903200168,0.12948509581896,1.99908684792438,0.298082134303046,0.999660194558372,-0.434793838842162,0.218711178765774,0,-0.0657351379595217,0.265391288038641
"408",-0.132984502524969,0.7068754610565,1.29738795846384,-2.91069666932869,0.315713432090403,-0.557340214510149,0.576961625951067,-0.426420881321987,0.0786911329793805,-0.217360941373645,0,-0.374430764041156,0.210441646869564
"409",0.808543229647163,0.951338921444989,0.0478868895436246,0.826422288241391,0.195588588294915,2.22949893644251,0.0216635904368268,0.868280647163733,0.0501153517147079,1.735676730209,0,0.716970271551443,0.139999813333591
"410",1.09387275851054,0.153388320443826,1.10492755504357,2.48198020942307,0.513748768866296,1.86056550830995,0.126487966316091,2.42817524616727,-0.0734081232565464,0.472951475178651,0,1.95658203272737,0.357898464951112
"411",2.5125113156951,1.50585559560166,0.0858555059858102,1.01426337132529,13.243290960452,-0.214443125953556,0.931021354653372,1.1103928204738,3.83731180751214,-0.212254260062816,0,1.68080388423142,0.5265748488535
"412",NA,NA,NA,NA,NA,NA,NA,NA,NA,NA,NA,NA,NA
"413",NA,NA,NA,NA,NA,NA,NA,NA,NA,NA,NA,NA,NA
"414",NA,NA,NA,NA,NA,NA,NA,NA,NA,NA,NA,NA,NA
"415",NA,NA,NA,NA,NA,NA,NA,NA,NA,NA,NA,NA,NA
"416",NA,NA,NA,NA,NA,NA,NA,NA,NA,NA,NA,NA,NA
"417",NA,NA,NA,NA,NA,NA,NA,NA,NA,NA,NA,NA,NA
