CPI,01FB,02AT,03CF,04HW,05FH,06HL,07TR,08CM,09RC,10ED,11RH,12MS,
1988-01-01,,,,,,,,,,,,,
1988-02-01,0.313760645450478,0.569925471284516,0.377815274007776,0.629255155672936,0.198894456785648,0.533059969246552,0.148912407594515,-0.0520600922207404,-0.011343246643436,0.28632589340496,0.0324044069993645,0.468498068206014,0.398666753806931
1988-03-01,0.434061023873356,0.311371279113204,0.248492600036543,0.817368167676924,0.520739346755694,0.772043292691804,1.40725399607031,0.600243073641393,0.00515660612812052,0.0367082240017469,0.00809847748621806,0.272520817562461,0.0477368398211997
1988-04-01,1.26901402482946,0.554589851833454,1.42529070827107,0.188950503183394,1.97471341009925,0.466904696511938,0.505341432760775,1.27222071550088,-0.00206253609439377,1.82658331068226,0.0890760385456213,1.24112939755399,0.566062288539948
1988-05-01,0.508357565741302,0.251070135001652,0.384560092006891,1.39549423967857,0.623695395216672,0.477684095421727,0.333463592549177,0.345709068776623,-0.00825031454323444,0.395067001227911,0.0404530744336551,0.429517389488754,0.364467640018118
1988-06-01,0.345516609774377,0.162171039126324,0.0393827646700817,0.322464885191387,0.419884531753767,0.219090987198212,0.24666995559941,0.885556930392806,-0.0103137440953915,-0.0771071523530842,0.0970481196926887,0.341550341550323,0.354548970733615
1988-07-01,0.0477079444098694,-0.897669747709717,-0.00357884188676438,-1.71142985253591,0.428084322656108,-0.124308800205741,0.194260256941581,0.594007022269261,-0.010314807938272,0.13304595407253,-0.0161590046053206,0.301909131271283,1.05346551613386
1988-08-01,0.534903489312311,0.471512770137528,0.0966321892559296,0.105591208250466,0.850040891179904,0.444921316165936,0.610087118372404,0.396853857371671,-0.0175369824011229,0.235178443304718,0.137373737373725,0.675775371086251,0.451318995656314
1988-09-01,0.464003629539511,0.374616635448621,0.171624713958796,1.39530358733833,0.334201602201789,0.770534531626099,0.244096713687414,0.266698416478151,0.747000134129849,-0.0702554381685872,5.85054874112332,0.712275765036941,0.320620992237597
1988-10-01,0.675342803185819,0.149697528965453,0.353369503141066,1.98108300550945,1.10213078618664,0.268543645409314,0.653611524068265,0.227990595387939,-0.0245788314813922,0.376727774387819,0.0686132499809311,0.570447335487057,0.334314550042047
1988-11-01,0.534203282699552,0.751464023915793,0.110261426284919,0.600655620809509,0.813953488372099,0.442615094020482,0.506761058341199,-0.0450204961732759,0.00409747902603286,0.190299986784703,0.319975620905066,0.463029952250049,0.861292147781811
1988-12-01,0.0608432879712906,0.690986688344686,-0.298443828607975,0.348987738667739,-0.146578239138795,0.065959357808465,0.0506739637174292,-0.258391807320302,0.00204865556978628,0.0646318621890574,0.0151883353584514,0.227567334005463,0.222314564720549
1989-01-01,0.391187141496241,0.851750933494788,1.02629890955741,-2.11166048619695,0.522199494645648,-0.53574183414441,2.41339141004864,0.758169934640507,-0.0471181128171461,0.139725557913595,0.318906605922553,0.537448985457267,1.37446358604389
1989-02-01,0.419947506561669,0.278183601176774,0.518518518518518,0.960097813722993,0.39739538446808,0.518887212532238,0.635493682154253,0.389206019719768,-0.0379172174911124,0.321183640695555,0.0681198910081671,0.28586947199909,0.744376278118608
1989-03-01,0.532791829184931,0.528878776992769,0.185984489595392,0.38118116528274,0.746339834994503,0.527430599391221,0.108113420806921,0.728400573321753,0.0246042811449243,0.128586986472135,-0.00756372437787922,0.419030244291774,0.182689184800244
1989-04-01,0.987940723556591,1.177264695956,0.406304728546414,1.77851834637843,0.828382760171365,0.526058745552205,1.44322811840361,1.92680025193031,0.0625204985241101,0.665696950636208,0.0529500756429657,0.54218235494492,1.09616241844634
1989-05-01,0.730736479394811,0.618083352955035,0.177911114211948,0.6257165620567,0.995281800896697,0.424752227867065,0.750060488749105,0.984094289964532,-0.035850003585014,0.848748356526374,0.264610266878362,0.431971540698517,0.284597655075647
1989-06-01,0.27719891479574,0.319819029232238,0.13929031584079,0.189251298688764,0.297501452643822,0.163100569469776,0.537944284341974,0.441926345609067,-0.0491833514355222,0.169095532521846,0.241290906348968,0.385134375351393,-0.0139896476607282
1989-07-01,-0.0215656674574016,-0.60260871255563,0.0660708697012735,-1.94676278406353,0.305888350751982,-0.131095962244365,0.250812153640378,-0.0654332129964019,-0.0615094416993034,0.382722094791377,0.180532571084702,0.588087036881446,0.405756546072356
1989-08-01,0.280414150129427,0.381358418242628,0.0695023630803426,0.0137602956497673,0.517500288783657,0.402094761713956,0.700517048297544,-0.647987175724185,0.0379541677779205,0.102697082119163,0.225259047905091,0.904813608396671,0.149304242231207
1989-09-01,0.725473708911006,0.732543640897743,0.503542158633152,2.0534415660993,0.723988140384746,0.448652665767524,0.0354920379528112,0.377238432869742,1.93697896906371,0.27186806704369,4.27030266706621,0.640105948570802,0.25244493917469
1989-10-01,0.757134536983117,1.07341791737583,0.877647627932698,1.21671136447896,0.743884629426805,0.589137940483386,0.565305832820862,0.280733529544919,1.4736651510884,0.59086084076172,0.107774105474934,0.825200131593373,0.507584019034391
1989-11-01,0.371868978805412,0.991216823896357,-0.0924815893132425,0.61888135173962,0.253680634201592,0.384101991337271,0.2822400451584,-0.340903959904271,0.746453601911234,0.848028682949131,0.624416852077792,0.34804361421541,0.641139452762807
1989-12-01,0.172767934271389,0.864012732819219,-0.373697202413603,-0.0742250105191578,0.291446387420358,0.198100407055635,0.00469076154514525,-0.835919624855586,0.157433828593923,0.112203731719629,0.335235378031395,0.449803549654515,0.348910145836601
1990-01-01,0.507828219918372,1.36193714425263,0.674489831033398,-2.14702737483559,0.653285575905027,-0.234271321398594,2.4414268627313,0.703614017453291,0.065821789959708,0.389124658414031,1.15163147792705,0.677079118448387,0.558659217877078
1990-02-01,0.793166564978631,0.904407131472618,0.591351905657156,1.11495764514755,1.02280611445582,0.648812997977544,0.137362637362637,0.807585862710414,0.226788536870304,0.318623146591723,0.576287862815383,0.409945876426776,0.609945609945606
1990-03-01,0.418053874092017,0.53998457186939,0.370395541661006,0.668483718261359,0.199388541805146,1.00066081374492,1.12482853223594,0.540078311355141,-0.0754251234229231,0.296353723803344,0.0209628956746588,0.442961974649747,0.500057921766994
1990-04-01,2.48469435810492,0.917062477164765,3.31448691471714,1.54373765009881,4.52595737153976,0.468668633917724,0.820672816060775,2.30538520076995,-0.0392114575878955,1.14949693924622,0.153695682548549,2.33787625195931,0.242060976312608
1990-05-01,1.14329828689066,1.2128452988668,2.16279984270547,0.47900158107943,1.62030671602327,0.720323215140084,0.410359905819036,0.592894022928148,0.256935795471258,0.563286536588969,0.139508928571419,1.22790166402742,0.584526342014979
1990-06-01,0.303492894268165,-0.0643868936900827,0.349627918911999,-0.118713978454577,0.362190628837888,0.278415538489951,0.535977488945472,0.632897627177642,0.0772744612796306,0.137275089473943,0.968236277514634,0.566753859568148,0.421080710311705
1990-07-01,-0.0181182396318369,-1.13465530818241,0.677641042032917,-2.73879383072241,0.597324484081718,-1.19215232180219,0.895197476564924,0.384698508752956,-0.000977402455226706,-0.0159118727050211,0.0344946533287427,1.01236771643503,0.351010340574898
1990-08-01,0.936882735625111,1.0662177328844,-0.1904943327936,1.05477042809017,0.705111024060368,1.15859423899003,0.594438695757482,2.3531691353772,0.00195482401696978,0.350116909667397,0.606896551724123,0.840654347167513,0.68065796937038
1990-09-01,0.947935368043096,0.275832422847522,0.190857906288766,2.26345840130506,0.554816255502111,0.812258922341735,1.56485960035893,2.1791716623546,3.91152639449532,0.498944774498922,6.02550041129697,0.828639379146323,0.535211267605629
1990-10-01,0.839439425197419,0.066089131017244,0.774676953360642,1.16905098657516,1.18902190732144,0.650317323513261,0.689566004395981,0.70815406468081,2.06744109485961,0.985652205578891,0.0387922674080388,0.685271625782091,0.650042028579456
1990-11-01,0.303350970017635,0.681874977687347,-0.0157524967707379,0.824601450271811,0.621730382293761,0.66038715034511,0.417326541968066,-1.53717217554834,0.804511901799776,0.534894343342063,0.568732631034696,0.451272440323525,0.371174581964628
1990-12-01,0.152975101983399,0.650663073540869,-0.0346609528610986,-0.0195485645443583,0.599892019436488,0.498807759231812,0.157711898723378,-1.83312919097344,0.168211654142203,0.16499479907699,0.250626566416035,0.567079906714141,-0.0110940591313335
1991-01-01,0.00877824400005167,0.683447534832915,1.02127659574467,-4.07599057847783,0.41543262636905,-1.79038629251527,0.755399510586252,-0.105739542359273,0.0903531988682982,0.0310347708798231,0.737179487179485,0.554118049113894,0.752630508349217
1991-02-01,0.433607190506291,1.2194055179412,0.817498205872269,0.314754595701516,0.0613642662021352,1.17138529043044,0.270327349524813,0.139723939368275,0.113067503123032,0.4116797728005,0.0445434298441016,0.446677833612519,0.523089347331318
1991-03-01,0.49466011780952,0.0345685840707821,0.402339760453097,1.10999801532921,0.646897070169539,0.997766963974533,0.758245924428147,0.735698279142527,-0.0154836829306171,-0.0808100014260571,0.0636051392952641,0.319017811827815,0.308568715879431
1991-04-01,2.14805023132849,1.20257101389178,9.22597947042321,2.06897196349038,0.0570013365830624,1.61030595813205,3.03106317153725,3.3704092339979,2.18900306077832,3.16722169362511,1.07424357996442,4.76041340432196,2.27893261494776
1991-05-01,0.730473871511528,-0.148535136242578,0.920020319467185,0.447348418941562,0.872212945683137,1.26782884310617,0.839961045284854,1.40896540522983,0.272778327494438,0.542983295482058,0.748380604993404,0.627802690582957,0.482292222815439
1991-06-01,0.512187700733624,0.969479353680436,0.260067114093965,0.207407407407412,0.568657617480373,0.340313485853394,0.678041125105633,0.634634634634645,0.175134462372761,-0.0470108010181769,0.805243445692883,0.582750582750569,0.164715467313736
1991-07-01,-0.198449403810896,-1.24466571834992,-0.13388001004101,-4.19278533412183,0.187835247187307,-1.14249641035797,0.615519894482297,0.801718821493225,0.26091123693226,0.309728929829189,-0.0928850083596555,0.865653329698035,0.406690950242239
1991-08-01,0.938611125153765,0.972272236226135,-0.0223432481497032,1.5905950724789,1.40129112064633,1.6577975333375,1.09837726180309,0.378922439313212,0.0477977623566162,0.476882083185615,0.384281641254503,0.596927512726952,0.535362073823609
1991-09-01,0.318864774624372,-0.771007404388291,0.0726317847864477,2.4560321177026,0.282103577759552,0.408922390964306,0.318271119842817,0.251661358184885,1.37751039547023,-0.0147962667880752,10.8174857989627,0.438881300521721,-0.183926569506732
1991-10-01,0.46263167529248,0.0821495806948569,0.0614130586494621,1.23484385406309,0.501796202315119,0.285815924731048,0.830363088010655,0.58638948813492,1.12054596071107,0.199209990096438,0.501448629373735,0.383457808494048,1.03188670305179
1991-11-01,0.294853318756316,0.933684462532924,0.610963872227655,0.315872479441248,0.0170212765957523,0.305795435085754,0.178689352445338,0.189124373647376,0.570461979270043,0.281747744881944,0.15522785231179,0.302040997623632,0.198016362404685
1991-12-01,0.191586701240354,0.299878015722421,0.0360470275066582,0.236719879978065,0.39898646093337,0.482903273011082,0.224902090038381,-0.336667574825833,0.019737067929837,0.259431290359125,0.127310970884542,0.247990611783977,-0.455924417092846
1992-01-01,-0.232431630483154,0.893565987061029,1.0616182055049,-5.37344333260139,-0.0282512477634445,-2.18932038834951,-0.172166982628552,-0.361236404819099,-0.175024666466483,-0.0960462830088438,0.768422798385782,0.200993926007742,1.17550764515344
1992-02-01,0.513862727603187,0.612757408337528,0.430608886450901,0.590541858857163,0.506782215523738,0.872251724651352,0.313923069470023,0.776044524574737,-0.00257840499866546,0.156083878118851,0.181040157998669,0.317418330908614,0.277122742998781
1992-03-01,0.379728108099231,0.267904685835996,0.305868858726832,1.23488176113067,-0.0131211456634528,0.907760243053413,0.971661483184261,0.991754822650903,-0.115171726200713,0.443807028638532,-0.00547615136080593,0.307624697868603,0.345016993374303
1992-04-01,1.21839381632385,-0.423187347528076,3.91516240572845,0.736634547416193,1.97405421618988,0.057291222253375,1.14979911995408,1.07444063619209,0.00774433372916494,1.12653887233685,0.191675794085433,0.992332968236598,0.975042337364651
1992-05-01,0.575977219777379,0.401653278224057,0.434930699295188,-0.0401632381726302,1.01847596286422,0.143755177622906,0.505002742524252,0.619141964489822,-0.0550665530918981,0.11451187921776,0.404482098934134,0.516235385983555,0.384556743295672
1992-06-01,0.082041052699311,-0.356887937187733,0.0678266767537128,0.364385371012665,0.0800742506688046,-0.344273861949829,0.344386314878231,0.43357252399796,0.021522223848347,0.0111049416990694,0.119766998747872,0.390582853196952,0.0658161198865859
1992-07-01,-0.310214578477863,-1.29772772706069,0.0938502046455847,-4.33742257889361,0.374593130034717,-1.16944786923668,0.755799778698818,-0.0754062511782228,-0.142016112373466,-0.249833444370429,0.304496764721884,0.515884957654444,0.30188042836663
1992-08-01,0.146722130856802,0.232915323465366,0.00520901159004605,-0.236180324399204,0.25362778311202,0.685515248082425,0.379718561536735,-0.184884730030566,-0.0163766279661082,0.116880948405407,0.162628069604831,0.331465720029089,-0.257255271210943
1992-09-01,0.289794406967947,-0.356980483944303,0.0390655519962424,3.78831346039796,0.0632465349934108,1.06114137101918,0.179869455570403,-0.476298480381043,0.0120689655172423,0.186791194129432,7.09530767981814,0.46678176353987,0.256233037204368
1992-10-01,0.274509174385562,0.312632023658654,0.22388836821825,1.46986407009262,0.160725250117388,0.240346681880532,0.170291531698275,0.144333029474319,-0.0103435792231932,-0.0155369112620485,0.379017586416008,0.458248472505085,0.280799690615918
1992-11-01,0.124871926229519,-0.171832884097034,0.187022702478057,-0.35710688483761,0.241602509781291,0.225238862180466,0.546963061514871,-0.0170674353333844,-0.0310339476905619,0.195351521743969,0.156069073151088,0.249197499577636,0.541582830315224
1992-12-01,0.0959355313229437,0.826892571467131,0.142597873995332,-0.46590272098217,0.0701476698383052,0.784147888600262,0.0753496407108756,-0.443829068907309,-0.00172464342996781,-0.016616816218018,0.0804262591736382,0.2317253001896,-0.568684021813448
1993-01-01,-0.400945656688279,0.296244225748143,0.890614886731389,-4.90795280388499,0.084477676324668,-2.59788524708082,0.247915671943288,-1.20215664234411,0.489807181539104,-0.0753420863110033,0.632847815168258,0.218579234972682,0.580322699674629
1993-02-01,0.619075876890518,1.12640801001251,0.433678051784736,0.778655896230984,0.499254709695962,0.656024222432827,0.0934254153767355,1.02202167457288,0.467682696598359,0.388082539612156,0.164703533639443,0.218102508178841,0.546958377801476
1993-03-01,0.490938361732307,0.798679867986807,0.498237007511881,1.36319845857418,0.157252372187777,0.838835901198332,0.349560761347001,1.02313506909979,0.43561075189833,0.0751074146481567,0.333848223628475,0.324349209006458,0.590420591747387
1993-04-01,0.586882385597587,-0.479667343330503,2.28307019551015,0.905289169795176,0.0874235044336258,0.389251327819973,0.979372982436932,1.77991081550903,0.0603808244108661,0.710777550907782,0.422129519268966,1.31197463654757,0.918353887753076
1993-05-01,0.242844752818749,1.13668141665708,0.514528597350306,0.423387571526135,-0.210346179899468,0.181187867660371,-1.88195347493138,0.642334682359946,0.00764928861616276,0.225755898694779,0.187923445922555,0.294408301078808,0.140502213726745
1993-06-01,0.0110116566250706,-0.57577827656875,-0.071714723774674,-0.802873838130891,0.173276170060732,-0.718617745999983,-3.01697161580091,1.17501660149044,-2.36259953937807,-0.0437373571701816,0.385014067821698,0.406445653289533,0.00489436332491433
1993-07-01,-0.229646407449358,-0.0556209920167472,-0.076715583162168,-3.68661415833814,0.00713304920021418,-1.61887759439404,-0.493480365175469,0.05469561888094,1.23773795120423,-0.0645408302795025,0.196685843536404,0.539733813096732,0.282227805148616
1993-08-01,0.455620368910603,0.0130945755720591,0.616672445391053,1.26543755276747,0.49749469517304,1.05545131345053,0.499742499093969,0.136664297818845,0.157339500812492,0.434563684924916,0.0932423811159655,0.296886756003834,0.723918595760598
1993-09-01,0.370376182928167,-0.371509934208369,0.492283456814424,3.64126377834437,0.0958126330731002,0.532597144008906,0.242934957960861,0.312989045383416,0.0721079559111271,0.113347792442764,6.27574034124336,0.287898140826792,0.476451967181335
1993-10-01,-0.00312719881165879,-0.865708418891176,0.0857275822372605,0.385849383108683,0.345658879001665,-0.166466178203872,-0.170399681920597,-0.582302361861908,-0.00943590447433085,0.0772940548896539,0.382911976379408,0.331547558880008,0.00321486553824801
1993-11-01,-0.167310368551921,-0.710876913899383,-0.653418824335572,0.194745596093893,-0.00706601423802189,0.46006669750005,5.05433648794735,-1.47431803667548,0.386050701325447,0.320903315638321,0.303322762994629,0.145076467388017,0.202530017841918
1993-12-01,0.272530777182589,0.238655518283015,0.576425668185743,-0.250631228000009,0.353325677943639,0.393748485582734,-0.406195840554591,0.737077985814039,-0.141007563132933,0.0834932717434844,0.12371134020619,0.225347578519552,-0.643257030109556
1994-01-01,-0.0859106529209508,0.506143651560054,2.26799578730805,-5.38929134151913,0.473549863568334,-2.67060882157726,-4.17640981021263,0.722492876183467,-2.50492083868207,-0.224268689057416,0.530843858685692,0.142533073695628,0.339048726145497
1994-02-01,0.43930274368793,0.589735944074477,0.414321638127158,1.43380124854033,0.227774468234232,0.436442989634478,4.78217278625881,0.688106884719275,-0.355503278530234,0.171565699890319,0.0864894391842563,0.176409269505262,0.576044281392796
1994-03-01,0.275503533293908,0.658739830703858,-0.174107994657513,1.24497855411505,0.0681770505559065,1.13698088983258,-4.34547128594898,0.574639717212011,-1.9750171778925,0.0737119380819662,0.100059125847096,0.206115424637798,0.313569897289856
1994-04-01,0.791642736289844,0.297765125486738,0.348823318599933,0.00431799644964315,1.90416295442237,-0.34421727189502,1.05126075796467,0.389315453660655,0.423271864552999,0.362872214820342,0.299877322913344,0.353469795307038,-0.159484545947497
1994-05-01,0.204826513483125,0.848231763017093,0.223804195138211,-0.0110344033506182,-0.145715118372103,0.183726712639176,5.36037802805327,0.436281374555647,0.0107385433165907,0.146782653744038,0.253680634201592,0.197007084295153,0.129388837417332
1994-06-01,-0.00768450496417827,-0.0533773291925499,-0.125905689511807,-0.165534315983418,-0.0171679714324968,-0.18094457960951,-3.77408661431282,0.0429023435405185,-0.0778460795103797,0.0387972841900952,0.167186299760513,0.540207741653598,0.186653478614618
1994-07-01,-0.49645717096265,-0.58099075917204,-0.0118928690357345,-4.27065761206511,-0.0240392870634376,-2.01849470267621,-0.130798423049994,-0.182256767622624,-0.398488430403321,-0.513864649990292,0.1759292674125,0.430634296663568,-0.450636942675153
1994-08-01,0.543730112144347,0.306029430915467,-0.066607988200873,2.26974922810452,0.410483649354232,1.50255634586296,3.88850971205106,0.422462094767551,0.0449531139022019,0.298866257349828,0.0450308461295901,0.373714128360958,0.547051202073035
1994-09-01,0.165924105085247,-0.967218435572859,0.111880787450303,2.85214966667648,0.203547542890381,0.407640488183358,-0.644542694295003,-0.147952726430056,-0.568850705896096,0.0950067476383154,3.83940225953099,0.24494914855675,0.138405001670394
1994-10-01,-0.147243780484052,-0.191727844782386,-0.154555830321468,-0.16800626205159,-0.0716943771124301,-0.154544339506935,-2.42333261848595,-0.65338474721508,-2.17906077148332,0.286906906259099,-0.0346770697876031,0.336226444600829,0.0285959393766078
1994-11-01,0.159749316457258,0.341504260594028,-0.592984210902336,0.5660629936318,0.247693884523414,0.854994840548384,-0.514652014652017,-0.398921832884103,0.0314137093123001,0.0817388872756286,0.394588500563686,0.206514962593496,0.184232259703965
1994-12-01,0.383400300585834,0.739589298862797,0.342580614249433,0.111244223857598,0.243673851921278,0.638246041412915,2.33988107292107,0.777585335931308,-0.0258619893411582,0.0805974961044509,0.246188398911595,0.279970447563871,0.142675967025996
1995-01-01,0.0381935956978552,0.950184352006755,2.69547570729378,-4.98095753673153,0.0985925069694638,-2.13255228505035,-2.20003597769384,0.7178789452013,0.0397269006550349,0.0719424460431828,0.206807410598864,0.659195781146993,-0.288111445306316
1995-02-01,0.360409889891722,0.547045951859948,1.2995768819454,0.416306417515844,0.112080970009831,1.18720783557174,-0.963819964316581,0.492356914326342,0.201326166860616,0.00107299591187715,0.197781408547604,0.400631765476334,0.123833111068783
1995-03-01,0.426069358004777,0.718491966971779,0.28228490120028,1.04814707902412,0.0949925363007198,1.09628217349855,2.9623163642442,0.797707695845196,0.397235023041476,0.192064207386422,0,0.29735640563251,0.369454222560495
1995-04-01,0.648514326408778,-0.0667291590537245,0.402782863419993,0.683143543874865,1.36591648590021,-0.166829869800156,-0.490638190410919,0.70541166561382,0.196454636421217,0.334129389464222,0,0.288823855702836,0.0995276386672739
1995-05-01,0.465186300338716,1.60892859981876,0.711159737417932,0.413855854886269,0.274183301568187,0.804059045058803,1.01330529674075,0.10106290294476,0.101699573961245,0.0789847260617815,0.20168211465843,0.293713762587733,0.435592310848776
1995-06-01,0.113884976174083,-0.406815728121912,-0.00452652543906362,-0.293766594402345,0.101703958117971,-0.254669950147157,-0.963660834454916,0.772872858933305,-0.100680969466205,0.252764949926942,0,0.600920397063853,0.0141424934787304
1995-07-01,-0.345756623260007,-0.691269579425313,0.101851432710132,-4.54945226764129,0.0566298572594493,-1.23444895403033,0.297166050590691,0.0103641263041521,-2.58003041797226,0.293617021276593,0.196993704766379,0.40452156818267,-0.358225839395421
1995-08-01,0.419051052133579,1.61364319501351,-0.284893843127498,1.36574678399395,0.253025485659109,1.11940298507462,0.0921375921375978,-0.450792773498221,0.103451518856379,0.22911451482881,0,0.297462158295048,0.504580646178598
1995-09-01,0.453199317957465,0.278681633479172,0.0997709802498914,3.78549533125607,0.373599003735992,0.823625883317658,2.04321065646265,-0.235959539878905,0.000939496429919195,0.34500275155569,2.80377826217038,0.0863460599917376,0.398500133356361
1995-10-01,-0.136984261699491,-1.2187548517311,0.382829312492916,0.113373719679832,0.201819685690663,0.108839957420859,-1.07013354559122,-0.841724491747964,0.202929322347578,0.0158197810542271,0,0.296324081020249,-0.460987920553813
1995-11-01,0.0432390523192439,0.100589390962669,-0.69955318860857,0.488461613235613,0.155187215214947,0.805256869772997,-0.126944394779183,-0.862900538435918,-0.100321591644237,0.0137083082893064,0.199559306531394,0.301058379146557,0.312411692674797
1995-12-01,0.579749023815901,0.887123365102305,0.327242977911113,0.0981847905471733,0.417037549863175,0.994382155640361,0.658801625521388,1.7266696152145,0.199906147348661,0.336334689918405,0.199161860503727,0.100673017766906,0.0281703366355135
1996-01-01,-0.149658452739043,0.622529336694977,2.16091329165533,-6.2646166334873,0.341436990101629,-3.15796885451749,0.677610400697182,1.13563242378394,-0.481440199319994,-0.160773393579583,0.298148991676661,0.085672247779045,-0.896503168270357
1996-02-01,0.491199952512389,1.12444705663997,0.968914903995399,0.223721719048831,0.386081437008201,1.25299920021327,0.296777840587925,-0.0171957217044438,0.0752948263042397,0.233654696248897,0.0495437843193836,0.19352797781873,0.944081336238201
1996-03-01,0.336695364531803,0.766277664765003,0.169085838512051,1.17628905747718,0.0700748007757213,1.52233232801955,0.861279413836824,0.130709961474951,-0.0479643371046334,0.0357015351660106,0.0577724590434592,0.189439667180502,0.11573350015639
1996-04-01,0.532783869306064,-0.0425002276797981,0.719045948789909,0.379742974500807,0.928248053936098,-0.555241193945399,1.29747664367414,0.949845413947115,0.0498692109373478,0.483898056010412,0.164968862127268,0.361479284456401,0.36710719530102
1996-05-01,0.446513534484017,0.739514683997933,0.420076615009579,0.348933196258461,0.650251710339478,0.599831667792827,-0.306854227003184,0.343695234206187,0.182449144652086,-0.1399784809201,0.185284308477796,0.328777244181744,0.0311288891656103
1996-06-01,0.0670436658310569,-0.114559623762067,0.114875262804248,-0.0277570300987184,0.0545055226919278,0.0636319715305866,0.249005706380778,0.049173378550238,-0.108894625674727,-0.0366127935561456,0.0821962847279201,0.646194631613839,-0.0746860850487807
1996-07-01,-0.454426286812892,-1.39289217535653,0.20783719419788,-5.3323438990777,0.214698860814244,-1.6934182790254,0.0448476903439632,-0.0169480035251857,-0.499957710344057,-0.148597739640011,0.262812089356101,0.462785125025156,0.337895703897484
1996-08-01,0.496005618470718,1.2671788436228,-0.25709717841248,1.20194102276969,0.252610037251988,1.02301177541657,0.341379310344836,0.833983116927151,0.150174258809765,0.142530759395498,0.0614351245085132,0.345945158588545,-0.131909742698422
1996-09-01,0.46152726213875,-1.0760163215959,0.158121602010097,4.7965055009906,0.272705525875128,0.65336226625401,0.403793944809094,1.26584406414956,-0.037723037458981,-0.0387215605835545,2.50910728173221,0.235883292204964,0.433546221621395
1996-10-01,0.084055534622185,-0.922729078187534,0.194636678200677,0.0990512200395255,0.370570646987733,-0.340464634088877,-1.04050793216162,0.351931472966016,-1.93969583757877,0.246029502601641,0.199648618431558,0.206364722493757,0.816932788711466
1996-11-01,0.150593686649292,-0.481080580997317,-0.472695877401252,1.11761869361675,0.258283287645189,0.958685501507195,-0.0536100302637399,-0.291144894211848,0.0125072157013628,0.281978444314479,0.111580457479876,0.196907290989246,0.310006138735419
1996-12-01,0.287721936267427,0.170431656905579,0.245060831471888,0.00248374389619777,0.162789227462379,0.999929747324546,1.211198394297,0.758191621733717,0.0125056515925426,0.0624856803649099,0.262717936470014,0.221761471198056,0.142284507818014
1997-01-01,-0.295546617072495,0.694487409515565,1.6355140186916,-6.15406777472009,0.179881656804737,-3.67609552515651,-1.46681710944712,0.813409734571557,-0.655021834061131,-0.189421535771517,0.58758138796251,0.0557674318198087,-0.209304102054853
1997-02-01,0.216894647040111,-0.112133454171204,0.781183482332915,0.264125975916363,0.0992297878372739,0.574083211977516,0.985495176625717,0.445889001404631,-0.000968194800787803,0.106360792492177,0.0276286706662576,0.242722810550355,0.21586698919136
1997-03-01,0.199111213712699,-0.622808636279759,-0.160517033814178,1.4390995861137,0.110146022155089,2.24971878515186,1.62703594254692,-0.0373989820972698,-0.567367646489303,-0.167704839482508,0.0473503531547292,0.177565735193896,0.35747567179456
1997-04-01,0.427670420182591,0.332698884298144,0.801760064310031,0.37730939370284,0.774889189274153,-0.65070336820916,0.765836587716184,-0.117118875658784,0.0613449142145006,0.576997318475403,0.11831985801618,0.508477610871383,0.618026273727801
1997-05-01,0.398606311744554,0.718714334186754,0.59601259181532,0.489954633830192,0.485065897215953,0.378136411827068,0.337225689551035,0.133541788808533,-0.0340596140559146,0.147312073365558,0.0945440220602611,0.397242460409353,0.108927517814195
1997-06-01,0.155667585438657,1.00300134754379,-0.300413067968452,-0.515426684552678,-0.0217303573091576,-0.241752825339459,-0.819329487501053,0.552971408125424,-0.432217744290642,0.0694041601060569,0.224329961824554,0.542938254080894,-0.00604494415983314
1997-07-01,-0.23812918864965,-0.59734077229795,0.171584013391923,-5.11043921564559,0.00776252872134453,-1.5375566143168,0.165219590322852,1.23087374243847,0.165229463639749,0.1438878709771,0.106023717898363,0.497652913563695,-0.197983889249931
1997-08-01,0.445950002144002,0.298939983222746,0.639204545454541,1.82163996786306,0.187838614030444,1.18760304905732,1.91203945264504,0.688641411155677,0.29184683409631,0.166422029728563,0.0941434903699134,0.158038912692282,0.166575807135505
1997-09-01,0.335823550337944,-0.209850823436375,0.197185437336556,4.22436929683305,-0.0542316154823475,0.534879327445337,-0.122215065484155,0.317369640420195,0.409732360097337,0.0474701505629227,4.17760708547243,0.201619972649825,0.216188431651188
1997-10-01,0.068074484832148,0.0792405101869731,0.0435025790814558,-0.0968223721481087,0.201541013596263,-0.286569968876627,-1.77263331955354,-0.267328925306087,-0.0329549970437437,0.136154060382276,0.259564383252475,0.246706209647773,0.577773084523825
1997-11-01,0.0481866239600892,-0.481157213551586,-0.538369155588681,1.25475559588002,-0.0773598626088834,1.14250715539275,0.196959749507619,-0.19984456533807,-0.184220987618411,-0.02060135350892,0.16509079993996,0.256571368729719,0.416966642668593
1997-12-01,0.16007252843766,0.0229501675362176,0.499646084023819,-0.353331704138149,0.216775312388706,1.19481547903251,1.42473118279569,-0.2526897954643,-0.0223415932470106,0.00515139963528366,0.138597542703023,0.144496091641866,0.00298730395817959
1998-01-01,-0.466721353209065,-0.0428304830666471,2.50238223474333,-7.31701086234557,0.0602567866137216,-4.04041566452238,-1.30035780545985,0.379198266522218,-0.337141968831378,-0.138050398697798,0.28055212658511,0.429385995410603,0.183713705341138
1998-02-01,0.295555302944184,-0.074985462002275,0.737641970817671,0.755232881847379,0.118896883975173,1.21603146811216,2.14658543544299,0.16507412463096,-0.349006112481365,0.0608674122065001,0,0.334077651416798,1.0391352963101
1998-03-01,0.262099059276899,-0.194495918648629,0.252773486869806,1.59379770313672,0.166566418359326,1.81753554502369,0.484703098813699,-0.110924476278007,0.000978291707021128,-0.162901712530028,0.0223813786929261,0.251880477537791,0.156406775659557
1998-04-01,0.617502013593518,0.308424121528295,0.694374962479749,-0.236961719911244,1.1301522780113,-1.28703423557613,0.549405628137434,1.54197601370645,-0.0665231852866377,0.340792911507437,0,0.382034073309234,0.637909190017405
1998-05-01,0.476083476111566,1.47924920836455,0.42130365659776,1.24646412299454,0.168998644965823,0.961946527090118,0.0861886718813487,0.224971878515201,-0.101809068838588,0.0401387359385774,0.0410233460132803,0.624014263183148,0.402570596243645
1998-06-01,-0.139772171360697,-0.372335614579877,-0.191957571439871,-0.275122232115721,-0.104875972762652,-0.576806314511236,0.792902869398504,-0.127821424117736,-0.146989651928509,-0.109051254089421,0.0260950605778243,0.211258007359971,0.290146677164427
1998-07-01,-0.370914689621371,-0.264786430830211,0.333102012491326,-6.41905077604966,0.174976796555226,-1.17439812096301,-0.0838249991939932,-0.0717964726080766,-0.371940568018991,-0.0453159759413291,0.0447227191413324,0.391023461407669,0.0901359307988736
1998-08-01,0.320314695139068,1.13781176042236,0.06521352488984,1.92651587433081,0.0637929463227938,0.484848484848488,-0.00484011487206226,0.0328001999250205,-0.965336537987971,0.00412150187527605,0.0484279541052013,0.394580863674854,0.434296338257312
1998-09-01,0.400515348420338,-0.42600426004259,0.0473971087763481,5.07222412179167,0.248937462052212,0.714302608860185,-0.0225882960357526,-0.167070028885941,-0.157152945623096,0.0216369930761573,5.04523960233831,0.200732081709765,0.102681283082173
1998-10-01,0.0306859709320095,0.132566057063643,0.134228187919483,-0.769797068049427,0.21803646054146,-0.610600972264641,0.330831921245856,-0.284650755419313,0.0747153345752816,0.183359601141353,0.0673472281298881,0.271034645298141,0.365517141742644
1998-11-01,0.121311841151206,-0.180532571084702,-0.530279135782996,0.826304103564879,0.200942769082002,1.36457078046359,0.242882419173229,-0.393688437166695,-0.290674524169787,-0.0709475091254852,0.0602174914101417,0.263586454678233,0.0129552324744431
1998-12-01,0.316142779549611,0.795779954785236,1.35159238193383,-0.582257152911814,0.24878997602571,2.31010408289334,-0.292036392227335,-0.744823242264403,0.0159738029631429,0.00823163830181439,0.0920419144718299,0.252846617548563,0.246117531916124
1999-01-01,-0.362349021241148,0.351386106043838,2.0433702899826,-7.3868085425896,0.36248232710645,-4.74259219175429,-0.0547160398461588,0.555273511866994,-0.0439209423038656,0.0617322056917224,0.0778100021220807,0.372467471730897,0.0990667623833374
1999-02-01,0.218757402221015,0.11622189441689,0.116889587245628,0.809585304694771,0.238284352660823,1.15288939915805,0.458900249577332,-0.0599539301378904,-0.171766397699125,-0.251917658913781,0.00353406841957504,0.24794488634472,0.259613591703856
1999-03-01,0.454633929316239,-0.669732553466984,1.80871628993051,1.53321193251339,0.133062225278824,1.62213289193662,-0.0176310306138849,1.48080323313968,-0.035012604537632,0.0402024554422731,0.010601830582746,0.132795511511707,-0.258941344778274
1999-04-01,0.51070543783649,-0.497445348436487,0.689953376447572,-0.484305338674262,1.00335946248602,-1.49153015636634,0.219625194376305,1.69409788121091,-0.310220256382032,0.51623938669525,0.0883392226148416,0.490691775939522,0.784578092055277
1999-05-01,0.21618793203162,0.618892017648198,0.145633787038602,0.783435289836953,-0.0665217969754828,1.01334593126254,0.255934480772924,-0.0336540667880136,-0.553107338961445,0.16299500763719,0.0458958517211006,0.420660189049649,0.179318589360422
1999-06-01,-0.10579974992786,-0.618078419634838,0.458638626321384,-0.130873808315002,-0.0547321085175079,-0.743616125713231,-0.0255281128342721,-0.0994659443908863,-0.45423345580814,0.0245629835837313,0.0564612887289151,0.294050004928215,0.257131492215024
1999-07-01,-0.441528431129812,-0.911048534040071,0.605014568602336,-5.67505281352025,0.113964330644567,-1.53371342411534,0.263325885732524,0.0765884443355125,-0.449208055324579,-0.302869070519374,0.0493757494533398,0.152326666994251,0.494523401300784
1999-08-01,0.26802613945649,-0.26898878453544,0.280396244166092,1.86297465132852,0.144880399751623,0.735733939466443,0.480700358137676,0.480607340741401,0.155844155844154,-0.031815755983422,0,0.137376116180943,0.273539945292023
1999-09-01,0.333448157078875,-0.153904761904755,-0.110373245525275,4.24274846856592,0.104812518452935,0.832492132296192,0.589288260173926,-0.166037046063849,-0.4729070051257,0.136543298598624,5.21362098138749,0.155152702923411,-0.0590584397322735
1999-10-01,-0.0549322273644792,-0.154141993773271,0.0570891880444124,-0.852700500228398,0.0604621669050731,-0.68310837867761,0.198428321705846,-0.0595065533499195,-1.50823089420925,0.456232442740268,0.0167521023888506,0.203832042397067,0.0548723865267276
1999-11-01,0.166261318823246,0.395885239136073,-0.340499153353457,0.287246810422803,0.206331427223949,1.32343523942793,0.295481335952852,-0.396946564885503,0.131760507122336,0.0765438902666782,0.113895216400906,0.048820179007314,-0.0478112300142164
1999-12-01,0.281214848143985,0.152248713498371,-0.376752174635719,-0.817868324334137,0.354453465113536,2.00369841529928,-0.12536630467147,0.438381361128148,0.551215367718694,-0.0662872993534514,0.0434986281201866,0.13175016265452,-0.106923282544769
2000-01-01,-0.657975732870053,-0.0668875984311756,0.884266725988558,-7.66912563618688,0.312165667638809,-4.96477499598412,0.3247924936846,-0.387632390196246,-0.0350349318879784,-0.141846866612916,0,0.172186936534491,0.00563356477896182
2000-02-01,0.256120734763576,-0.038029754479918,0.551267916207276,1.52112920307941,0.0262981036145193,0.51070303162013,0.0735064122614926,0.764493197695781,-0.518492557621741,0.0439430171480071,0,0.249728379846581,-0.209838466630052
2000-03-01,0.204647840896577,-0.768493296607975,0.0201023391812827,1.23844675594058,0.0511217574199474,1.00540540540541,0.367262100114063,0.828632680056574,-0.31810504719767,-0.0663963144938218,0,0.221607544361957,0.158062604081399
2000-04-01,0.457803911893318,-0.31744571218254,3.3545888070746,0.358552532465573,0.462780478547153,-0.0773008907441031,0.515399707265418,0.84896555883951,-0.607055986362037,0.178878076702937,0,0.571354788727851,-0.0944060870790353
2000-05-01,0.266062681638957,1.00921524284241,0.0689447911326413,-0.133901765341649,0.124970936991398,0.199947632762831,0.246309234272624,0.1315809147864,-0.470622686105116,0.230595773771269,0,0.627487482346911,0.473886859512285
2000-06-01,0.121111504232108,0.335074706428862,0.143094371621366,-0.496641954821209,0.00870802008650085,-0.617650552322124,-0.1560761528001,1.2020846088372,-0.138702084734366,-0.127248480653142,0,0.269524584150682,-0.325664313086926
2000-07-01,-0.394155623513426,0.82122743901516,-0.134069539753379,-7.75087466992165,0.105938352586055,-1.90510338233537,0.407051430870897,0.0604969603966277,0.879666652636901,-0.165124148897144,0,0.389680620944133,0.223921585195819
2000-08-01,0.0436651429351009,-0.853684242223507,0.279097701860054,1.74369857988785,0.108725591104797,0.653053267703108,0.536424453556128,-0.983587217790105,-2.07359813084113,0.204194147795733,0,0.546603926042111,0.524126689711379
2000-09-01,0.617864888088704,0.323457502543612,0.546072680512255,3.85061097305022,0.244728915662651,1.49009829080522,0.220784397902563,0.311262026032821,-0.715776916194455,0.556314062722874,5.73263319843473,0.28363430084144,0.171934189742662
2000-10-01,0.0176223397045039,-0.0333010414143686,-0.0367911140699784,0.174821923413115,0.261466233297236,-1.02334124494592,0.188171220512201,-0.721549996288329,-0.0697335107067709,0.293843472621891,0.765507860690229,0.257691461613385,0.39351399626022
2000-11-01,0.260222544488564,0.59961842463887,-0.133197798731122,0.633706502299036,0.272310751231863,1.199011869615,-0.0885644917467121,0.139077898577811,0.222229379368089,-0.277828292012694,0,0.197473591825226,0.202935616590683
2000-12-01,0.0392024332544816,0.18061952497066,-0.442244919448254,-0.776690670487601,0.15662044687117,1.45868063824719,0.232305787776443,-0.425614527642537,-1.16224264627117,-0.0506549687458779,0,0.165801163736456,0.18033014287695
2001-01-01,-0.659423814928917,0.237386940713336,0.701568834831656,-7.0864580105361,0.0989900149202416,-3.71574438119828,0.64650900385772,-0.557913523403875,-2.93272930236591,-0.309151910153349,0,0.137418407820378,0.265854333979521
2001-02-01,0.262527885086228,0.190359134240681,0.70018204733231,1.29405800581659,0.210683215570495,0.803276490449645,0.1696789734422,-0.313701832441016,-1.01827763697063,0.414836505612493,0,0.185572154820202,0.368723416008399
2001-03-01,0.312037878685079,1.27014047843452,0.764844945070231,1.46388684016439,0.118707093821513,1.31804880408233,0.671516508114167,-0.535576501202772,-1.45852838659462,-0.0273390036451993,0,0.359561055335034,0.207762902626607
2001-04-01,0.632954191969071,0.25556934349702,0.307065967430309,-1.02739503761058,1.13566561433083,-0.475008354418294,0.71210732689333,1.51194804009553,-0.232377114860693,0.485146810083759,0,0.628140703517599,0.5698201290677
2001-05-01,0.63166099963714,2.75399690562146,-0.118666804251377,0.225579687336053,0.180796067685529,0.647559659431596,0.745856765666719,1.2197132025713,0.376341001663705,0.328589283554392,0,0.434641882831643,0.518806744487677
2001-06-01,0.162933878226967,0.587948489976209,0.206622242884458,-0.0987961266684212,0.0493472069480916,-0.20850708924105,-0.621881339117825,0.463353614306228,-0.249191271447025,0.112519841668512,0,0.319199545754501,0.328692699490674
2001-07-01,-0.600008000106655,-2.03866332116789,-0.0859150815334164,-7.18126387624518,-0.0436859683487945,-1.8339203629634,0.582564774945227,0.41701049157139,0.974044576863564,0.160561966884099,0,0.298297410166604,-0.538806232823874
2001-08-01,0.372909093347995,-0.247402276100939,0.187455930658498,2.88941887048064,0.235443394896362,0.796652841800549,0.269597677312317,0.152611266820246,1.55478635873574,0.217413084861229,0,0.245554098160627,0.251806884536343
2001-09-01,0.280647359910202,-0.140056022408974,0.466904696511938,3.11824933650624,0.310842932894495,1.43350146004779,0.214211848131174,-1.62341943707786,0.0558752863608403,0.19394763413878,4.39805368074087,0.232781048884001,0.547152904119264
2001-10-01,-0.118608153311051,0.157784011220197,0.177692728266821,-0.679674926512652,-0.0154238761602921,-0.957626513763643,0.0840274194737312,-0.746168625173149,0.581895348187866,-0.0139691282266319,0.517199903776744,0.341530054644812,-0.114776455973109
2001-11-01,-0.128088808240368,-0.185250014586613,-0.34793286942284,0.456663809727886,0.0266453503863451,1.2419376148552,0.558239556943385,-2.06776507307704,-0.370880341121083,0.0488987795263851,0,0.198169578700558,0.0162223544043716
2001-12-01,0.212419173836365,0.552397375381775,-0.583624289724094,-0.384600002666202,0.0476684518969428,1.55888529024453,0.0717727878601249,0.265077224809995,0.0122600922850769,0.220435684647313,0,0.144936288423203,0.308174740484435
2002-01-01,-0.231965978323168,0.760097083145594,0.816017353280429,-5.91037745317801,0.325112107623315,-3.37830734186089,0.64256440281032,0.120726805935489,-0.363300012258594,-0.19506951839724,0,0.164324911053493,0.382687435994167
2002-02-01,0.155003541029175,0.0187509014856646,0.169054490189713,-0.143653638277308,0.205330204492138,0.870479852018447,-0.0945330793059806,0.145002747420486,0.235999418390054,0.116672151254971,0,0.155024758808553,-0.0523518041237181
2002-03-01,0.324203167318182,0.162958049118145,0,1.03978235788456,0.0585455609919405,1.40112425539054,0.397414621364312,0.670619255917448,-0.563502867727461,0.323711627721668,0,0.387713392642475,0.14907933438093
2002-04-01,0.578488217458384,-0.224602626123027,0.122741220593259,-0.456038456658714,1.15768796756801,-1.21628330299521,0.794582916467301,1.47613207975654,0.115583584886592,0.419963662718548,0,0.459567078829948,0.801952580195264
2002-05-01,0.232708809879556,-0.268398268398262,0.87686440100796,0.374574266960281,0.22723516774088,0.830411735847703,0.335179457671009,0.417748336466439,-0.205120157819216,-0.122595060605457,0,0.359117256999797,0.23148764068861
2002-06-01,0.00527655757385226,-0.649651300749488,-0.128276537208638,-0.923417703659812,0.0769473872239912,-0.857987112392755,0.425818661466981,0.560128368941859,0.154998708344101,0.276177466294469,0,0.386043058648866,-0.188478895672961
2002-07-01,-0.269090237564484,-0.0902934537246214,0.684456913014819,-6.09197775673387,-0.160641467466671,-1.25801972613234,-0.219858662288519,1.24994459465448,-0.11326552354467,-0.230994758195879,0,0.266232805797961,-0.232718955291356
2002-08-01,0.23410530770962,-0.120985962712994,-0.355847992480196,1.12592974501673,0.0343803289510003,0.40367061447637,0.612382137900447,0.296224955858104,0.252610306500523,0.641158835228128,0,0.278802183212856,0.19593991176039
2002-09-01,0.250712551462051,0.147402218330406,0.527255575769825,4.9499160268714,0.119602425042276,1.24840026078767,0.130832349720555,-1.86521562008962,0.148944509770987,0.196627832669716,2.36627976546608,0.244193059621356,0.191565784222414
2002-10-01,0.163213731013245,0.15155710351058,-0.145784808217564,-0.506508165568875,0.0604163233920874,-0.902694967803486,0.24001931516382,-0.166048925129736,0.34105649237377,0.192317127017616,5.9937461644116,0.239195832416184,1.16313036088909
2002-11-01,-0.0433651344319164,-0.0625682066205724,-0.349051854337989,1.38652535740185,-0.10292018882424,0.782161895479105,0.0878435817512013,-1.13160474026552,0.123700310922392,0.0548422794801606,0,0.175674884347354,-0.0656254101588094
2002-12-01,0.297114310129487,-0.0407675955854558,-0.495099525108611,-1.97450424929178,0.101652540626662,1.49606581256792,-0.0750261883865067,2.45583994232157,-0.112417078491611,-0.165415447257922,0,0.211901560764582,0.437352245862876
2003-01-01,-0.520375929008654,-0.0131092143210942,0.731112916328192,-4.10947027714361,0.05763609666396,-3.33505870173869,0.623326580628714,-0.750612071366785,0.0423431353977488,-0.455891291986121,0,0.169162790019395,-0.842127286754812
2003-02-01,0.326771549793126,0.673027897152023,0.0688844086021545,1.21681082547243,0.189266660266352,0.617005999683573,0.336482281884876,0.530288482843178,0.046780499214738,0.174327558527754,0,0.165965438425375,0.147700747735047
2003-03-01,0.323080560006317,0.37478113649847,-0.0151105589227818,0.715354439142768,0.151948638622335,1.52640363821088,0.126283886176126,0.931558376678687,0.0745911403538191,-0.217284436141962,0,0.347368574044737,0.158017408251143
2003-04-01,0.540660836780638,0.384914799757796,1.13682160128963,-0.0953436807095476,1.07569503294058,-1.36287824636644,0.476470753104041,1.70907820415771,-0.0912226054066045,-0.10444481667965,0,0.337475739405013,0.141991296459398
2003-05-01,0.0091144646554131,0.591673488144995,0.2739544073453,0.105052119167559,-0.051386766555328,1.28750181168171,0.299868894529842,-0.850198952280068,0.1269374665954,-0.495152047187397,0,0.356549981955978,0.0853365542412332
2003-06-01,-0.158837621081143,-0.553929616674997,0.0927244428254648,-0.838056949443133,-0.0906495650173977,-0.598602465955966,0.152962607595297,-0.0433075412865191,-0.77400413691866,-0.364786233284753,0,0.310693018037456,0.19020384605295
2003-07-01,-0.0821531961505362,-0.0200984825645567,0.0876757650951188,-3.90448579882098,-0.00677103082172836,-1.09524952015355,0.91359704538827,1.25935126079546,0.841682917535258,-0.598927501915181,0,0.212222891393488,0.593094960656715
2003-08-01,0.268848779087194,0.0531280961475034,0.530552204022938,2.23514813091361,-0.0243773615569043,0.278967094011917,0.0536591406282261,0.43643209630031,-0.0355646442980029,0.18316301508341,0,0.196033540337126,0.432111620158282
2003-09-01,0.21215947103308,0.729047072330658,-0.100289359463368,2.68543945623643,-0.00677314043429078,1.1212308138902,0.233773377337743,-1.16444191990913,0.512535438323436,0.0119887305932487,2.56961676316514,0.225640146808903,0.260484163599606
2003-10-01,0.129883624272642,0.249330369863787,0.128367592120204,-0.480193850563682,0.173404140023847,-0.849241663078315,0.300452737000945,-0.186781609195397,-0.358383293144271,-0.0869078776496779,2.08590935971185,0.190934868411685,1.28740386479675
2003-11-01,-0.032428786385108,0.281397893779412,-0.777436268305909,0.37858542668805,0.0486854917234769,0.764832195333809,0.077965777127309,-0.739887721318544,-0.581692235962772,-0.222957638048771,0,0.24034700988409,-0.045941220760326
2003-12-01,0.260812020709267,0.287694335397726,-0.369401007156112,-1.24757805682508,0.0554203838875278,1.16368163968967,-0.563103080665872,1.9113637682,-0.063645905446752,-0.130265742113922,0,0.219908064241525,0.242578997765719
2004-01-01,-0.345550551327845,-0.255779775026843,0.655083548092117,-3.12127906541356,0.213452939030812,-2.83905325443787,0.268026500261143,-0.586276574551048,0.0145249773745526,-0.781610579334979,0,0.0990954005577693,0.691587594727139
2004-02-01,0.232464513447872,0.256435685646683,0.00330365549479073,-0.214119520434108,0.250744819962523,1.10717287243762,-0.179577513057072,0.482379548252276,0.614429027861552,-0.136519461607698,0,0.127282241298854,0.217561790078169
2004-03-01,0.142523969940389,0.0367418461364677,0.203168100956375,0.0193663335657401,0.0995091777045598,0.554150102397299,0.19638001593012,-0.00142452171684182,0.0732812222419721,0.0303791315618973,0,0.497182163589871,0.073204594219356
2004-04-01,0.46189675249062,-0.265574233648824,1.29566134775154,-0.206017891027399,1.00887975389246,-0.380975200670897,0.501637861323179,0.830507991680696,0.482636192166863,0.303699054483597,0,0.35417632921535,-0.15765311270306
2004-05-01,0.288485067034139,0.303107560692339,0.206672091130988,0.260770359102525,0.0305891740922881,0.804550702328255,0.126829135243511,1.49333860781846,-0.0971677800474691,-0.29773319069053,0,0.298306793832182,0.0682136856865023
2004-06-01,-0.0205468017618782,-0.749830546769104,0.0178638127872555,-1.05352788636452,0.0811030008110336,-0.137197122439481,0.16889131026967,0.0779531724157234,-0.452048586933707,0.487918450808311,0,0.227602770330648,-0.104775490109443
2004-07-01,-0.182390341018568,-0.653055417229853,0.349093979346615,-4.06809362873952,0.0371974386906615,-2.09901321291186,0.104699227673222,1.37563635352045,-1.15912421725807,-0.20650958506685,0,0.133743852658852,0.293173604266173
2004-08-01,0.204598973144776,-0.246326583221146,0.304192353122024,1.34313021920669,0.0663992988233941,0.549122014911707,-0.0543323236576465,0.44592017342866,-0.0314521926671474,0.0262456593717264,0,0.207304347826098,0.25325706221806
2004-09-01,0.0603554551058094,0.274212536250618,0.191963349518476,2.58065035285786,0.0968786495381568,1.05705166324834,0.516437667332603,-1.71429351983389,-0.991055777787753,-0.067615299222934,2.39612407183105,0.0860824169721219,0.241306069099001
2004-10-01,0.265660493589515,0.200443839931275,-0.0515214941233189,-0.0196112270352433,0.478621146834612,-0.835835234778426,0.465109990400348,-0.15982655344462,0.144131466055342,-0.0212071942881975,2.5072001645752,0.310739949504768,1.28512142830277
2004-11-01,0.168957837339678,0.451525326855751,-0.575082960146922,0.408778137823362,0.226954846541583,0.802916172160728,0.0417199380929878,0.0348005233998805,-0.343377794902588,-0.172723783357909,0,0.294565067072328,0.143592790651614
2004-12-01,0.465128165810524,0.660019060895301,-0.466615900584888,-1.38231203213153,0.27778509176124,2.29705539603782,-0.152012483857078,1.80760613945981,-0.349109599945419,0.207424795863642,0,0.233029521668993,0.171817058096413
2005-01-01,-0.382844496451373,0.200664170140596,1.01248514641967,-3.61633849688997,0.248132442332194,-3.96129138333979,0.697896878326132,-1.56775375194774,-0.119820611427468,-0.536168665939663,0,0.119683046277452,1.10193857278595
2005-02-01,0.224716231917377,0.710790189967137,0.456047055031839,-0.120025320410055,0.136200529086672,0.399872823322234,0.159216494293624,0.941470526973553,0.209080730297284,-0.474087609766005,0,0.269308454361839,0.0549235951764926
2005-03-01,0.387275946851484,0.823402557029018,-0.487664025153201,0.749825095682954,0.261567837618681,1.63818618077294,0.080149612610203,0.748352661191576,-0.140236463760846,0.0316203920928571,0,0.267214799588911,0.20127596764945
2005-04-01,0.417507392038163,-0.901401408352898,1.17193796950061,-0.348839109193999,0.947014166079674,-1.31339277154634,0.58996262680191,0.559826317298651,0.00685040988286367,0.4180729894258,0,0.80360803608035,0.497918239146844
2005-05-01,0.284342221660561,0.634898388227057,0.395149854208809,0.0368915960944127,0.170569080477589,0.809937827860896,0.192404660173584,0.931470392548217,-0.43839620056626,-0.2457376699601,0,0.315897936495024,0.145364683650118
2005-06-01,0.0894713628630806,0.0236758909794688,0.0333285721087373,-0.325345833606505,0.205108359133144,0.28186318794492,0.0980041585548319,0.103587908465963,0.217869920190816,-0.167961155165564,0,0.128393993864107,0.152411365533256
2005-07-01,0.0654697454234077,-1.12781954887217,0.230049182928749,-4.0311772879377,0.22142406570631,-0.909276542587056,0.804434977044477,2.3101733637952,-0.814663951120154,-0.470062810995997,0,0.341495019301896,0.879258910347014
2005-08-01,0.295679307481311,0.204196592029282,-0.0807281361297929,1.7125869572667,0.147718076839087,0.124854538401875,0.204753967108129,1.19008525003612,0.387605841773753,-0.464087039370564,0,0.320154965764941,0.175995211014657
2005-09-01,0.180648074968959,0.0224861218466765,-0.152081617134536,1.67364369161831,0.241130749300988,0.654971609825772,-0.0864496692645211,-0.872330758746021,-0.1022729884397,0.297453632227929,2.12477736246646,0.261474717406185,0.188832584377097
2005-10-01,0.175313372653618,-0.229025867277421,0.425207844132758,0.0215392262447267,0.43759756378432,-0.777002646139047,0.268750245808147,-0.238335319461003,-0.258820010812932,0.0718339199770046,2.55465487595186,0.314288771197768,0.43898365740187
2005-11-01,0.0250009375351468,0.640772870662465,0.034757330637003,0.575636098595278,0.225489196901751,1.01340703566319,-0.0300716489723296,-1.5043120988173,0.044978548692165,-0.199965134284275,0,0.0653272361246238,0.210218770042059
2005-12-01,0.302435732406869,0.628297160768532,-0.458005622413849,-0.373051362502164,0.355903550137904,2.25249009960398,-0.631694589398524,0.335843273139225,-0.146402757444053,0.0513758451326396,0,0.211841824770853,0.0805925925925877
2006-01-01,-0.308999613750494,-0.283680053398605,0.786951830932292,-4.11479773181901,0.405304421617925,-4.84115154858169,0.637026507673277,0.573804242432274,1.39921496190254,-0.877048843610073,0,0.0784418001728238,0.429875774190869
2006-02-01,0.288710302333439,0.594075974786645,-0.218814936087153,-0.0922413793103427,0.189219532501617,0.653659258528405,0.167403416075951,0.150556663453028,0.108161034702636,0.766696367516939,0,0.350718707654707,0.11555786147206
2006-03-01,0.196904364298001,-0.651565142651178,0.313954405616479,0.698057691146148,0.34247006534629,1.86492182522178,-0.0900900900900892,0.0316484907626036,-0.0727876533943017,-0.537744966995002,0,0.328311578278484,0.273249787995855
2006-04-01,0.628109452736303,-0.166052690332663,1.16224207347759,-0.0754057342633341,1.31626827279001,-1.79228715086486,1.13955646162491,1.40923052585786,0.0569067753206642,0.222256680622324,0,0.248066925289625,0.855102424356335
2006-05-01,0.458562511587668,1.4312670347334,0.141473500925038,0.764059203869172,0.52016248885367,0.815736612610851,0.439316217228947,0.574578166029682,-1.10905099359594,-0.22898401237752,0,0.538342064390429,0.145579055250167
2006-06-01,0.276834489886313,0.722071407901437,1.03859409445151,-0.523381983745364,0.391799319895525,0.967075689466634,-0.126072581786374,0.00904766828664361,0.273758310520145,-0.188156480026458,0,0.124373224408569,0.50704159834396
2006-07-01,-0.0331284278720534,0.15596568754872,-0.20128144062197,-4.61545042347505,0.328906997864564,-2.17312829398599,0.459844142461519,1.70339256865912,-0.214508580343209,-0.266194352950933,0,0.309893041136022,0.0682672837720499
2006-08-01,0.368215627071211,0.42345677325939,0.387978815125001,2.31131440871788,0.236085626911309,0.949569495694957,0.391065750333364,0.336751680581493,-0.642609985170539,-0.0197322643292641,0,0.149905494362246,0.418574534017857
2006-09-01,0.114950962408589,0.537290694669279,-0.019937427151695,2.13899992986886,0.252614622359459,1.5693537381811,0.149431012682477,-2.68370526102485,0.517181534189515,0.232678923859986,4.40718562874252,0.166601587921389,0.261382216797545
2006-10-01,0.158792202081415,0.531713388894906,0.185608442883223,0.267783575940683,0.418746195982944,-1.54510556621881,0.534343357053579,-1.31964236910943,0.817247372722374,-0.00310900159595784,9.14659325533378,0.42880532238363,0.282521562367211
2006-11-01,0.273177394570578,0.901688984590532,-0.520578147966688,0.618879682257068,0.4279099085994,0.962569451213557,-0.0329811119708756,-0.267721727662384,-0.117597360338872,0.146127618119829,0,0.24583376462064,-0.0549708539951288
2006-12-01,0.465812069762372,0.224074691563869,-0.383242011943596,-1.29139833428331,0.280034280058428,3.43945354927471,0.0939002880454787,1.56964904392902,-0.366924237574873,0.47499793029222,0,0.215545057951938,-0.119169025220289
2007-01-01,-0.555656437261676,-0.902279653460736,1.51723498601732,-4.17998948538727,0.332213916874302,-5.01096695911891,0.599637428531574,-0.727779296696995,-0.936177047600473,-0.868257613990986,0,0.168716594758189,0.259272431080571
2007-02-01,0.340856523750399,0.989726717249706,0.529640057834269,-0.123224709702374,0.0971747345690055,1.31545009027598,0.0768707311540773,0.615081967213116,-0.843109777988804,0.054027096666931,0,0.299578276074897,0.632773791951302
2007-03-01,0.417344041928502,0.541209010398647,0.437527440085983,1.00412456547971,0.0838966393403196,3.44413732906603,-0.0868853491154065,0.334988725087659,-0.0665740081056798,-0.136033229491173,0,0.434565242472029,0.378641439064875
2007-04-01,0.384197172888734,0.248647647766798,1.3339965632631,1.02445678825218,0.675400570018914,-2.30167938215612,0.628891185440983,1.26013302847641,-0.849676258151988,0.0831868897461785,0,0.629243886251074,-0.405532459588343
2007-05-01,0.275611399961484,0.435373431666153,-0.172549719606707,0.00176513159055869,-0.0142738194361725,1.15396149463205,0.386999812136013,1.62420137017936,-0.604703247480387,-0.253509127367557,0,0.285384508060527,-0.058006619578943
2007-06-01,0.220843285283934,0.555650426261378,0.281622982819507,-0.187100646026761,0.00118965476216815,2.28159426992542,0.194625346208555,0.648891582083522,-0.43286449562393,-0.486432998281339,0,0.270659954974328,0.0432457038807232
2007-07-01,-0.456281960695082,-1.66819072501633,-0.191679049034166,-4.05054113319658,0.0939816081561906,-4.29908059036996,0.473166479890419,1.10879763188922,-1.40905463511082,-0.546379451108447,0,0.247225025227049,0.244573872685083
2007-08-01,0.350096246390752,0.571253968886598,0.153339983028378,1.43482467861586,0.147376928379561,0.5488048653429,0.232990457305737,0.545837985361608,2.48507985599342,0.483076534478388,0,0.144697770396096,-0.43235023773589
2007-09-01,0.0791262543309745,1.30906304902052,0.0847281267651656,1.55807108074715,0.022548717096682,1.87117451443444,0.239867454684828,-2.66872301048735,-0.523393570746544,0.179104477611958,4.34873993736471,0.241233305273214,0.190330742403866
2007-10-01,0.442037926614525,1.5398857798524,-0.326743996079071,-0.0313095440435895,0.251539492886876,-1.26908656518706,0.40211170317741,0.913965545653905,-0.431346060412152,0.0648223658072489,8.43773919348991,0.280761565747101,0.59834601690385
2007-11-01,0.251651837893285,0.960513643659722,-0.362086692196528,0.526165079819618,0.211851869385638,0.795438209784849,-0.185508243445776,0.252487187217354,0.0428454113754473,-0.0491077025953968,0,0.118739610284102,0.20467009668117
2007-12-01,0.528212998322575,0.843264693537504,-0.592211521205954,-0.786896920064095,0.224395313681036,2.65628714048016,0.273240858123991,1.76797103083612,-0.101119451813603,0.366920688681915,0,0.247184839329839,0.190710481177203
2008-01-01,-0.474550597034362,-0.269908937265084,1.09068479961489,-5.11143410852714,0.425396526124766,-3.9930535455861,0.479937154009513,-0.201920709184933,-0.402505537428266,-0.984251968503946,0,0.021170610211696,-0.0743368812299416
2008-02-01,0.590963139120104,0.476780655605014,1.16820691399913,0.0614604903601546,1.07600061016393,1.3614547910185,0.0647446860493561,0.48361626529807,-1.53641972356401,0.2030147159372,0,0.331187668862132,0.314476042335921
2008-03-01,0.382992304691676,0.419136804742659,0.0544261716336703,0.395940429392194,0.176456930578128,2.04152043304977,0.2404990660823,1.1185050584422,-0.13843183446467,-0.431450766323749,0,0.438057654840351,0.410121575765743
2008-04-01,0.785435875696217,1.29227143967312,3.03150590276247,-0.103536232975343,1.12756686598989,-1.24167842277693,0.437218365607106,0.463823018735066,0.313727397643415,0.51766492003078,0,1.16141148561826,0.678133008068205
2008-05-01,0.561994672150301,1.68660982762674,0.4965682567315,-0.0508795567825349,0.229186959262018,1.38833140509527,0.143084067952826,1.6763152487884,-0.0993999636341725,-0.00209775540173096,0,0.372514534173618,0.178950527403887
2008-06-01,0.586738546979748,2.14052764797508,-0.105070354541448,-1.42346741579388,0.189790201794993,2.24843389767355,0.214319444948963,1.72118676302775,0.601846796015204,0.308376513037834,0,0.231196992005445,0.0876511705314664
2008-07-01,0.0392727608750976,0.79704533269791,-0.412195295288187,-3.24761640639195,0.245346966256244,-3.11115666245316,0.798656420665989,1.9608301392914,-0.729715712407586,-0.707922034465458,0,0.447973194449514,0.330343978982151
2008-08-01,0.546138924810635,1.28008132003214,0.30400342539072,1.41144376464075,0.757006579696284,0.829797487100525,0.107881330536408,0.0871020239759712,0.150660964230176,0.401242693907644,0,0.0858109741358692,0.172362358712586
2008-09-01,0.436375328716943,-0.29876177249758,-0.0569168160733158,2.17444274422276,1.51167651478348,1.58182475200206,-0.0299347422618723,-2.58215962441314,-0.217159217741547,0.572711252832092,2.20117024240736,0.451630821992244,0.169859810507034
2008-10-01,-0.153211145539156,0.396811461881508,-0.246305418719217,-0.566620879120872,0.309408006766909,-1.02244560727073,0.16169601149838,-2.29091977666764,0.0340429670877551,-0.422394192862063,6.21773900399854,0.250045080242822,0.194897431097707
2008-11-01,-0.0492402120764401,1.4387314911974,-0.745022479126511,0.0326176634240838,0.132035904889771,0.68403417852132,0.552466367713,-2.65259966797392,0.713443611215769,0.165484881175582,0,0.0335759596129304,0.497835022089377
2008-12-01,-0.255487832821588,0.71146154199806,-0.184058783774066,-4.20822464324075,0.00332424705804524,0.290178828460541,-0.91571824419947,0.746406989533011,-2.01776404711336,-0.860563601192044,0,-0.246940218889735,-0.492088313449324
2009-01-01,-0.558229287511058,-0.482749962909279,1.8958438377872,-4.71747226783069,0.0210528648517005,-2.6166829324301,0.49329668615048,-2.16252683226005,1.0395112818997,-0.221490950512582,0,0.0180255963468046,0.279130081211476
2009-02-01,0.712676869766082,1.63990825688072,1.58770553222773,0.7869961753457,0.0664687375371065,2.46651575174495,0.242451748519024,0.931521275795477,-0.193817348481162,1.11731253039049,0,0.338820136969842,0.504104064612987
2009-03-01,0.129599045784023,-0.478393320546078,0.225457177053467,1.06963021653235,-0.347621999822878,2.07805955723293,0.157272044894019,0.479473324638224,-0.223505990693351,0.0815396355805298,0,0.221525050292182,0.307487651426763
2009-04-01,0.268025886260803,-0.448949051084957,0.0458231504110174,0.201140829525404,0.184415757548839,-0.977297833487389,0.766092097593463,1.58979367296732,2.28413347369452,0.193237724181872,0,0.274800769442152,0.0500038046373108
2009-05-01,0.424953449319743,0.940667349960123,1.5780926869214,0.346914825719047,-0.168551785318249,0.973283094471067,0.0354161993695978,1.50772113851807,0.0191479176639531,0.288776297408311,0,0.383666758015888,0.085833179413064
2009-06-01,0.179727224124404,-0.188411029378588,-0.670893340256351,-1.48339642384513,-0.0699782289954265,0.981939527857323,0.205341232283418,1.43377769252901,-0.00358954723844729,0.642418320356764,0,0.118695770869692,-0.132438828459147
2009-07-01,-0.0442834595601238,-0.440832381964307,0.255863539445644,-3.18744598211033,0.0100038904018218,-2.60346309713864,0.730176302245877,1.64397484990308,0.0251277326409172,0.14253695115527,0,0.0865451872577028,0.364146267229026
2009-08-01,0.322617289560379,-0.606273913191557,0.40751361808975,1.27887966269415,-0.0344543979371892,1.46949255510598,0.406870023734074,1.54994593211863,-0.064597937651012,0.19184157598886,0,0.10068465565849,0.101807626907524
2009-09-01,0.0249111126208845,-0.911531212519279,0.00819918554757493,3.58747252047027,-0.0956161124267552,1.52954599369655,0.225899230312399,-1.37285884400477,-0.335168781422079,0.22750434934784,1.83946202152598,0.00236666784998452,0.22937516905599
2009-10-01,0.0815069733743901,1.0490276320795,-0.157138172278082,-0.439824070371853,-0.150238712621176,-0.746575875919309,0.399660753081688,0.0487595342303582,1.50372327648329,0.116061707853166,3.29827273338261,0.240211101776144,-0.486846508414562
2009-11-01,0.20586372274003,0.581813203737291,-0.609013398294778,0.590052517763362,-0.0445821537638391,0.862049637916718,-0.165476700186307,0.623121642163405,-0.29581597879591,0.193895870736083,0,0.0625649258664707,0.158375458312521
2009-12-01,0.386048086691493,0.961811108464627,-0.151465080414193,-1.34107265337879,-0.180638255168264,2.10947485412616,-0.41495699747317,2.16107754047696,0.0581519546177578,0.0194544560943699,0,-0.041290627027657,0.425637915348953
2010-01-01,-0.16529483200648,-0.212323765657485,3.6613619439005,-5.66444958650245,0.018990169794475,-2.98564322488654,1.13017365799153,-0.147872220340894,1.32960111966409,0.303020996488623,0,0.352885636728417,0.459423025074157
2010-02-01,0.287210677479322,1.12016751851935,-0.295334512897594,2.0293904129177,-0.27139618258375,1.05127342084594,-0.0794134910861222,0.59123435715982,0.26570839966289,-0.024495044856554,0,0.531583342153841,0.0450880827903122
2010-03-01,0.448113207547163,0.311731109651414,0.739189026912346,1.78958376006642,-0.0145586489573635,1.55439839230795,0.061047248266477,1.15191836551214,0.103900349058472,0.252156602521558,0,0.409447713527,0.179198008434112
2010-04-01,0.499781974306512,0.289674920367133,2.17480563171348,2.24425168663087,0.0940849676862809,-1.54809931450687,0.0644633997536781,1.33211861299676,2.87703503288705,0.00509154599701578,0,0.583705188102179,0.754070265638385
2010-05-01,0.200253654629212,-0.139439144773235,-0.215184786694833,0.314901903913478,0.0995915626923249,1.13824388402126,-0.0264589828246842,0.702804640045596,-0.247123505072833,-0.126263911941105,0,0.289579761849601,0.179664908998145
2010-06-01,0.115470876912482,-0.0764661554146895,-0.388427712173778,-2.12820883500959,0.0245936458962204,0.688436031446282,0.30723557028447,0.340784130129457,1.05458140618431,0.452677834079296,0,0.20443048208636,0.576231256566162
2010-07-01,-0.159698347565718,0.99038450874489,-0.00912908526564671,-4.92925797364452,0.0927623049756354,-1.81237255051635,0.741072145552968,0.677083333333339,0.0359853809389854,-0.27809635937357,0,0.18787676206502,-0.481134464421373
2010-08-01,0.428765023437694,0.141664836371613,-0.109559024924677,2.74667347323798,0.0982592480934352,1.01953554491843,0.513567987974994,1.25237109846525,-0.792517733286868,0.153684874762083,0,0.0885851683118277,0.382739609838856
2010-09-01,0.0232270052647809,0.0427683163539472,0.583649966704525,6.3466689708805,0.102624739255086,1.64249826845062,0.137082521412069,-3.38918101888318,-1.47645379141549,-0.108735417259465,2.99614502513053,0.262071977838829,0.306291653024382
2010-10-01,0.223369787577532,0.425308019467718,0.800945037256273,-0.648994515539303,0.0936047872162504,-0.943181941094395,0.675423412415577,0.478173685022365,0.987935456417,0.60123910190546,2.2204323999937,0.139864950072788,0.00737067104694678
2010-11-01,0.325481326198496,1.56632029339854,-0.30521178091717,1.97708058596824,0.166995090344346,1.59094135246394,-0.205650327017737,-0.0581165840606968,-0.300655976676401,-0.226518890057448,0,0.178593916358505,-0.0326391374844581
2010-12-01,0.803915099527108,1.55291184404252,-0.878394088924495,-1.8535411758809,0.490147044113232,1.28549624884455,-0.164408860061038,3.6151980953008,-0.283286118980164,0.460147571555991,0,0.238843494657459,0.405489378284707
2011-01-01,0.122189371706605,-0.0476210633254315,4.54817942502672,-5.88012992053603,0.327382927422737,-1.81463166160833,0.72413909787159,0.982655287066647,1.3585960410557,-0.160414859056879,0,1.30423877602208,-0.223429698317457
2011-02-01,0.597125516219377,1.03545753882968,-1.07199840446749,3.57030461535122,0.135596957336581,1.35316242272274,-0.18813200595752,0.840970576515754,1.34377613525916,0.232419486858193,0,0.504175200882306,0.582428326622453
2011-03-01,0.263212053595607,-1.29415586456947,0.530467214354102,1.11799159672672,0.270826681932768,1.74351646476711,0.6047278724574,1.16150902587138,-0.157241471601755,-0.413352287047952,0,0.218350390791211,0.17455290416315
2011-04-01,0.819973207726554,0.159245811835129,5.21777276430406,1.27556835844402,0.389771517034676,-0.761966649547752,0.843091334894619,2.74348563498998,0.8176030380878,0.250053148948659,0,0.579881789030279,0.143989983305493
2011-05-01,0.201450874918296,1.27936063766643,0.695668747319767,0.360150199003462,0.0678084738718665,0.347471589708936,-0.143763961692434,-0.686315705224394,0.959429217167806,-0.135317997293638,0,0.474339035769833,0.603263247827646
2011-06-01,-0.058816609810608,0.950277862084126,-0.593857947286225,-1.88604226773644,0.0797849086298985,0.468356961678929,0.0398688756976906,0.244791876536232,-0.966772012992712,-0.901994094567804,0,0.187955377182214,0.0155348654162779
2011-07-01,0.00107002225644415,0.299609160368663,0.585505176722601,-3.47364374110288,0.182376131660278,-1.09053196170043,0.538015321259366,0.519540553305675,0.868726938291586,-0.00918367346939286,0,0.148978668461752,0.314791036739437
2011-08-01,0.497555025305752,0.144705833712333,-0.515842029294156,3.6944540130899,0.279061655184432,2.03141383437304,0.388689466845782,0.922741632342938,0.112049741296905,-0.413303262544518,0,0.238011283497896,0.381931541351821
2011-09-01,0.571751027448308,0.201263314342337,0.759936255738158,4.3684079395399,1.3338116357944,1.15430528883584,0.307115201105601,-2.02573525769927,0.93599464518892,0.0953005554075403,2.34523460070759,0.394644270512701,-0.0195380786870314
2011-10-01,0.0793995278374871,-0.86729911519009,-0.0531130126880886,0.791756186838533,0.269258412984486,-0.615719314088692,0.153087445735967,-0.624835702586302,-0.13915161002761,0.694110300064499,2.66737112234885,-0.0120446308320643,0.407294270110148
2011-11-01,0.149152685806153,0.591224114462663,0.278696268304191,1.14869932499111,0.189365571841238,1.01397048953504,0.0807939644725142,-0.556527755168479,-0.142611421977401,-0.271460089266651,0,0.183976521091589,-0.00614609262161725
2011-12-01,0.374966992342229,1.36452845780395,-1.51914833482499,-2.79132844208554,0.153768940809629,0.994592605464661,-0.186548846342671,2.19355234753071,1.2962377489725,0.29258843918849,0,0.10602946963405,0.276591167522056
2012-01-01,-0.371461643691462,-0.342399445638997,1.88458135029774,-4.82561348923571,0.166327259545174,-2.26108783223012,0.724637681159424,-0.65475296591081,-0.291661285462141,-0.0447259013793833,0,-0.0163789432305883,-0.0919427503141446
2012-02-01,0.506986913400298,1.20456056035585,0.822750639656356,2.83041749712634,-0.0532214972271516,1.5584872835722,0.115021105287716,0.608680755005997,0.567758648604899,-0.10474611778345,0,0.382237948583519,0.608403120750123
2012-03-01,0.266927288586238,-0.474876986652928,0.179271969547035,2.12181189814482,0.0138449577728794,1.3520540821633,-0.021677162025957,0.734211448890676,0.551673804080655,-0.0804234958770356,0,0.225205622524927,-0.0203268558419345
2012-04-01,0.509375229271258,-0.12689968833437,2.95037010353603,0.192809801164895,0.440847620061757,-1.2464914133945,1.10685905705583,1.19719990454221,0.435501948017292,0.437081639514636,0,0.978040228824506,0.160614809092019
2012-05-01,-0.0229412807491447,0.335440850596669,-0.0744954625491068,-0.121276510443824,0.0307450913871188,0.68255908720456,-0.046105678504027,-0.77526235113784,1.02239273909857,-0.427064313248116,0,0.422471620227038,0.0284177407896102
2012-06-01,-0.306649282920468,-0.106374356688421,-0.525245679430708,-4.17657625111639,0.044513687959058,0.0212486087220576,0.431233305800194,-0.503054969648364,-0.165167534585253,0.100856773194491,0,0.0481711037605637,-0.252643113699558
2012-07-01,0.0878835751875418,0.174436883259133,0.735820132856402,-2.59192158259067,0.202341225700509,-1.0672628501482,-0.0213622720912743,0.952475740233893,0.360386941769053,0.131287019886428,0,0.208640944982985,0.108840492732099
2012-08-01,0.434850781372487,0.212604403948369,0.219809948936467,2.82323091147569,0.156471359397803,0.807804000163603,0.0181618110530746,1.280660935405,0.0755984880302485,-0.235803510626398,0,0.104637133369634,0.271297350024402
2012-09-01,0.350745724961232,-0.0040410163156035,1.05839744454943,4.63718109577582,0.148837798467283,0.516300488913224,0.15915402691733,-1.21384976297321,-0.012590229981535,0.6724058886455,0.483738163853431,0.282651591915095,0.671848241338413
2012-10-01,0.428343255408747,0.498075388205832,0.377299691704969,1.18211341493879,0.0769433465085623,-0.575205610777529,0.147170173511491,-0.12021599463955,0.194123819517311,0.370389110964942,19.1466323290558,-0.040416932567533,0.011072413584845
2012-11-01,0.14561452427424,1.09073727808271,-0.502284117620977,0.624148215449649,0.301217508530982,-0.0872874904846666,0.0500495170754123,-0.972751129614635,-0.207362412944434,-0.0695697764692915,0,0.550105339320295,0.369375081775813
2012-12-01,0.383615889122635,1.25001243051344,-1.14448097175015,-1.44273235842575,0.792784089715859,1.23325104887293,0.101113310769119,0.675460269387096,-0.119638565596569,-0.0544838162886308,0,0.0338627921988799,0.0691909670691215
2013-01-01,-0.37804076265614,0.0677693093423359,4.35586418361367,-5.37641904003187,-0.0166685766077368,-2.25582772219602,0.191389594785685,-0.681813683773036,0.988725794080247,-0.105998505925831,0,-0.0211570807460149,-0.687422965538675
2013-02-01,0.560963537370074,0.697845610246839,-0.557403966642189,2.02692036497196,0.24069269482041,1.47015040295673,0.0106124441520139,1.21556319434066,1.03626943005182,0.512364455852765,0,0.283564876046172,0.121081255612632
2013-03-01,0.296349466776058,-0.444461772388793,-0.494264360823848,2.34354853682939,0.0509334331212807,0.774001639062294,0.224959942274428,0.612295122311357,-0.0689939244156057,0.501709229841141,0,0.179364627185352,0.210628155643122
2013-04-01,0.19323375149527,0.706872919522228,2.2783594065567,-0.0433384734778497,0.369858601809803,-1.29917069938355,1.11592254184709,-0.640856301427484,0.113351813113782,0.021008613531559,0,0.467619458867397,0.146828110543451
2013-05-01,0.197963223739239,0.0272209367891074,0.456835453846805,1.17064612406228,0.0217371052386506,1.04671033893478,-0.0523532799329818,0.475618402394828,0.352022068284041,-0.27105421084217,0,0.334406088497063,-0.101423952119861
2013-06-01,-0.148688284177922,-0.532607639226357,-0.340005950104116,-1.87169239662338,0.0641622684466547,-0.429849904869295,-0.0450474045361582,0.108786200813449,0.0328221960100406,-0.185539921170608,0,0.12224172517552,0.20506428363205
2013-07-01,-0.018358729575918,0.231576478864981,0.662075141797081,-3.16680039407267,0.200637074421883,-0.99888787786877,0.648765354462744,0.919272413995653,0.273770340521073,-0.468228768940149,0,0.213922716505466,0.128404474093391
2013-08-01,0.377443179499726,0.501077218534007,-0.0783757162375443,1.94145226083218,0.0815391284602507,1.74016053593677,0.208266080744757,1.00693602366979,-0.138045278851451,0.00403803832096372,0,-0.0510235958098293,0.0591105367036438
2013-09-01,0.290656314152726,0.112519763708496,0.445184062410564,4.15157626142071,0.0711596967978068,0.143536827735735,0.199519905228063,-1.43868309595383,0.0604142987333356,0.602652884052413,1.91707808316752,0.459446788560713,0.33142422300545
2013-10-01,0.0689068136678683,0.133709269540439,0.316579255616634,1.01553933239156,0.0793536286250118,-0.361835840792235,-0.154527446771002,-1.54640682095006,0.308029226959206,0.17158510520876,8.19525949847566,0.211561197187482,-0.244503657575124
2013-11-01,0.0718972780298088,0.0154818233717435,-0.089414388352993,0.712923573419388,0.0792907085706007,-0.0633751810719452,-0.0135031264931418,-0.570082543201567,-0.177516603923733,0.453771411399373,0,0.0869295249922519,0.273114708177435
2013-12-01,0.356192384363974,0.375376101699843,-1.19711933289814,-0.924415443175641,0.887969708194425,1.72530071971413,0.0810297005017668,1.07503334594174,0.391435433593945,-0.421806288204385,0,0.024815435200698,-0.225479143179252
2014-01-01,-0.474918074111419,0.141685381345713,3.07754606195587,-5.35420260310491,-0.0214174256254362,-3.09621112419477,0.590622696934795,-0.617478481810474,0.517164148715255,-0.479671540156212,0,-0.167462631024007,-0.201989900504973
2014-02-01,0.414370238288231,0.51781554986623,-0.945941754799495,1.13183319698869,0.0550851780067418,2.51812519146328,0.477772732901305,0.281424961601329,0.20559876843298,0.812026443686431,0,0.390366136514264,0.265523080468522
2014-03-01,0.193718281153843,-0.495997548737981,0.311019266495505,1.80725358890868,-0.0183516169813602,0.275907406669584,0.163292972240203,-0.0434786905008866,0.239541535693721,0.402243781690403,0,0.475488123111201,0.284806331694454
2014-04-01,0.338351543225413,-0.462864951211539,0.855252205759949,0.951451818922422,0.401770236371424,-0.89299017611475,0.685942786834826,1.92971182838217,-0.21073646850045,-0.135200962312731,0,0.16116779928963,-0.392614072324682
2014-05-01,-0.019068455756166,-1.1668938580972,1.46697753110363,-0.0826915604794087,0.114767418240902,0.492112173512127,0.0804488844081908,-0.651750123657946,-0.525427667808454,0.411129361405593,0,0.354613563456363,-0.131053732030129
2014-06-01,0.176667804300257,0.15944439010076,0.0589694578876809,0.583308405623684,0.0689844074949653,0.237370966937611,0.0396833472394498,0.553521745497143,-0.0771988988999217,-0.0436213665384377,0,0.385019965889466,-0.0861481748607562
2014-07-01,-0.231467564480259,-0.188489447520823,-0.692990834637353,-5.69714993804213,0.239251426891451,-1.53826253942669,0.140362297466368,1.27764509427002,0.0681095038171931,-0.186463540426884,0,0.415081286751984,-0.463195043211484
2014-08-01,0.34750469533078,-0.229941291585123,0.978185241272045,2.60596249264149,0.146646844058784,0.990329132855683,0.493626529886759,0.801395732280152,-0.0426664499481921,-0.103342740172507,0,-0.179327673198104,0.207493956486715
2014-09-01,0.044038313332595,-0.153974402981416,0.667761024643321,3.98536990174885,0.0767506210741065,0.59337382551008,-0.228418956752008,-2.39553416893318,0.119923574129022,-0.0845501929733761,1.91562346861496,0.166455214412564,0.305570633053898
2014-10-01,0.12805506367739,0.0746503221750627,0.664338127975683,0.561592953486301,0.127146864719774,-1.10016910375011,-0.302892164311408,-1.07760510547085,0.0375581135676262,0.443019701932346,7.88674214276348,0.339450192017354,-0.121254634732948
2014-11-01,-0.191836938602186,-0.22869145302501,-1.25891187616867,0.732851950189595,0.0806256550834439,0.127735757965874,-0.264184685417002,-1.20261206157846,-0.264837495306991,-0.223010744162067,0,-0.0292858296978449,-0.154511432842708
2014-12-01,0.0190203517764109,0.30201375293899,-0.207599141248427,-1.05529348830423,0.0694836058970472,1.63634719892316,0.17115611883125,-0.176456513937084,0.601281920846475,-0.20463508398979,0,-0.0303045608364028,-0.0874240064311915
2015-01-01,-0.671591000080074,-0.651248553325878,1.36894553646629,-3.69605819325667,0.0754732170710204,-2.49752915595968,0.657011512957162,-2.03733109626391,0,-0.91876449567494,0,-0.109129490223825,-0.0734199621836851
2015-02-01,0.224705514857759,-0.265563606926367,-0.431465983261925,1.34939267122589,0.0502775319765281,1.44749779530273,0.121248863291901,0.37312291647551,0.874788887652822,-0.0502320721734395,0,0.232659295750426,0.252629460017095
2015-03-01,0.176948443658009,-0.173224449393727,-0.121655724354264,-0.0614349595133623,-0.0683430822730036,0.445639032383771,0.459178524573622,0.767847892988827,0.219557676498305,0.438243808298489,0,0.235146891115878,0.232917695721135
2015-04-01,0.257928542753927,-0.362915220624693,0.458022951479764,0.720540959982263,0.313788594991449,-1.21658857819292,0.650961876538236,1.127876387167,-0.0520182063722396,0.189143749249432,0,0.25171163914619,-0.00600973577195019
2015-05-01,0.166171156290984,-0.0557302655149083,0.721479032015626,0.539291217257309,0.0922379739728418,0.572987996455332,0.327368179413745,0.602001355499748,-0.254221172419999,-0.139841978564226,0,0.199859395400237,-0.212356759355703
2015-06-01,0.0579634830057074,-0.278806707292789,0.14923145799135,-0.414987311539039,0.0911513111765405,0.354450151692642,-0.654589588245247,0.227867163351014,-0.219749345267373,-0.0640172846668508,0,0.431997915184068,0.188717125075288
2015-07-01,-0.0948851889214009,-0.693972920078279,-1.02120896041326,-3.34872286844945,0.167125344008001,-1.49660271184411,0.931275847911639,1.22768519067671,0.293644408688665,0.177161216707189,0,0.103792415169668,0.0440846425136199
2015-08-01,0.238937876152212,0.0281540023930882,1.06285817517588,1.5157624822937,0.135874995004581,1.71179110071207,-0.124016548768269,0.145496445590187,-0.225604620382625,-0.34969925863757,0,-0.0049848460679458,0.392581019909466
2015-09-01,-0.0678202762678826,0.0562921562911711,0.0208548502423245,2.79274416141286,0.010974977052336,0.730951930450008,0.0327810227678915,-2.6063554901177,0.414041223230521,0.0220582337370656,1.16181311724488,0.182454461161119,0.0349148078687911
2015-10-01,0.12774833577851,-0.412911781548575,-0.421974443241957,1.97968788704483,0.139666197787292,-1.03014305345474,-0.664342955879282,-1.0602298666453,0.631511524334716,0.845045008921597,3.57357417494393,0.14032364005494,0.109693953868706
2015-11-01,0.00797408422625878,0.079696547828001,-0.14956327523632,-0.116592015390149,0.170354356987001,-0.175808368877906,-0.211932181701857,-0.66885909435872,0.594728990551974,-0.0149103885647262,0,0.199755523091127,0.308798772773922
2015-12-01,0.0956813810012669,-0.238899249029778,-1.29116654350822,-1.30832757798897,0.0825459970164033,1.06571402839903,-0.0150270486876214,1.83672221995843,0.387550915490187,-0.296263893583604,0,-0.157700547488682,-0.219465933127438
2016-01-01,-0.564577960549251,-0.304138711502711,2.33183947232647,-3.08009225492322,0.141106793994017,-2.33370957840749,1.37868844246278,-2.3847869797033,-0.464841441796349,-0.755823229100183,0,-0.238414543287147,0.249805927665769
2016-02-01,0.217299873825882,0.10135100894928,-0.557565691915296,1.28339418099723,0.0535847184321314,1.68185642886831,0,-0.035866903046633,0.774725927098596,-0.0944438862654384,0,0.503858600945972,0.0188624924301939
2016-03-01,0.30975529331827,-0.721901039820982,-0.299234516353519,1.02213966564586,0.0287615666128005,0.719840478564326,0.199642225318986,1.57768483208267,-0.455567446564098,0.360030572428482,0,0.509258800566714,-0.0297772660499462
2016-04-01,0.192252139178595,-0.084647235196933,0.819631265642307,-0.329977239521728,0.384699280176082,-1.49571380491379,0.883777359123328,-0.0797279158719189,0.205154506988081,0.814678237168565,0,0.415988959534741,0.0158859389582711
2016-05-01,0.188900598516639,-0.397056271753893,0.389670757879945,-0.210408751408553,0.188649428125554,0.447186743174122,0.232696839038327,0.878716871363938,0.906540676214385,-0.41647201486974,0,0.506542845082314,0.0972859213373756
2016-06-01,0.17762870638669,-0.420159455637303,-0.340869907886299,-0.652543219746171,0.133087532162834,-0.338148785465608,0.129734580606145,1.02725324896373,0.598930898591421,0.643789675410234,0,0.153345770293911,0.0396699460488703
2016-07-01,-0.0227833305266878,-0.279916025192428,0.286677408831637,-3.37970367241015,0.140786831016415,-1.65733100443695,0.010716025328783,1.5480060255292,0.28701638708426,-0.0833060605159086,0,0.436902672127948,-0.107066381156318
2016-08-01,0.29228757133799,0.429308565531472,0.686059005017303,0.971298291639333,0.162217961952504,1.38924331662704,0.124682206485427,0.803193254347789,0.22528184402375,-0.265015037370098,0,-0.344700353439242,0.281846691278642
2016-09-01,0.235124428242584,-0.106868346417854,0.338734152430376,5.14382926074855,0.11974872398901,0.395658827319578,0.258782554553516,-2.14350027592483,-0.0935760522482454,0.0776258434346477,2.22735665741824,0.725887385149027,0.429498852030719
2016-10-01,0.126156848444237,-0.504052997572324,-0.0712257661648286,0.263779797801522,0.295092253093077,0.513432476609732,-1.02081412837806,0.0326490230027288,0.137115930553677,0.222752585521091,1.99725755354863,-0.129621389463908,0.0364596677243423
2016-11-01,0.202777859807668,0.378404085937012,-0.530180241754386,1.44354901807371,0.0918839134727234,0.516795865633069,0.0823505191023921,-0.331328876053338,0.106071125511065,0.466343864105423,0,0.194684436867987,0.197992494015886
2016-12-01,0.400805540547178,0.804424851680952,-0.545766871165643,-0.989163549419625,0.183599128880707,0.864507548312177,0.160647291036087,2.78943764698878,-0.51149170632091,-0.0404922274675701,0,0.0531683503310898,-0.23594180102241
2017-01-01,-0.402140837353115,0.294270913159433,2.31447211283176,-4.2220880640324,0.173514646390815,-2.52897994528744,0.865517207655664,-0.76073524868705,-0.116185625901655,-0.727179314910131,0,-0.0985507246376804,0.0916436736302595
2017-02-01,0.603190820496713,0.809926953757767,-0.185213767556724,1.20371688253595,0.0778490312661084,2.38561563623148,0.33741855414211,1.14887738822522,0.939290249411129,0.550374712620805,0,0.721483974544968,0.291416025912405
2017-03-01,0.318340722223298,0.352696256770968,1.71157414566259,2.03925823237496,0.077788473692908,0.70896810136567,0.0367206524680253,-0.495301845600471,0.121960588483838,0.34346233791942,0,0.24677369795667,0.631202819307153
2017-04-01,0.480862827551309,0.204428958419345,0.348716779263225,1.10754508939119,0.504260466562378,-0.960502868780222,0.953420528969673,1.58318996346485,-0.887213573888102,0.26731901713406,0,0.590990507753753,-0.0634072108631201
2017-05-01,0.297405692364339,0.145722785013658,0.820944986270233,0.478086873545536,0.266816186848673,1.16654968216463,0.325330832751258,-0.733587059942908,0.602899336133311,0.875570596568553,0,0.534194138147748,0.105420363700248
2017-06-01,0.000965875614533651,-0.167588234703808,-0.180320632624897,-1.03108768121559,0.0269962783701949,0.469056902465481,0.114450304723923,0.0900995888008183,0.65796435064498,-0.111178294876035,0,0.284147415679259,0.101409000048758
2017-07-01,-0.0270442559932027,-0.0552863834663464,0.288846027191036,-2.94042769857433,0.194706301929704,-1.1739760536119,0.321999828520814,1.04095840954579,-0.373658508615171,-0.161095055846294,0,0.291842575014867,0.05260133061884
2017-08-01,0.479199273472064,0.065374596437584,0.110702491744208,2.37276166456495,0.142378881748573,1.84142668740035,0.031336948161087,0.984740782864191,1.65179856115107,0.10268044866466,0,0.0536783817380426,0.296943911676228
2017-09-01,0.298071190938631,0.78297752583123,0.137756536407085,3.85013352779446,0.10951429449737,0.215506827604206,0.0189861401177049,-1.33928990417554,-0.307628430151352,0.782501660740098,0.890067404062789,0.337898254035474,-0.0592129530761709
2017-10-01,0.081486310299872,0.373986496594236,-0.0402406955089529,0.150876793441146,0.132424911236928,-0.391513982642244,0.00569476082004083,-0.166473240615661,-0.184578687314241,0.541850433771152,1.89308655816647,-0.111628081497883,-0.475926843245234
2017-11-01,0.255754475703318,0.49082924308963,-0.396015503585656,1.20898591095573,0.0584582359029362,0.271070923770989,0.025624964409765,0.0933804682363482,0.260784629828081,0.719216381936683,0,0.297694510963997,-0.13760527779676
2017-12-01,0.301918520217082,0.727704172434263,0.482183643353285,-0.925865248691715,0.0660862569318521,1.36231100469231,0.094882961866527,2.25903184349565,-1.2995857215822,-0.388628314348627,0,-0.119847942922413,-0.0166135683990376
2018-01-01,-0.415317203276822,-0.0716557383485861,2.2562298884981,-3.87697250307095,0.0870996764869236,-2.6156117540601,0.572549837429981,-1.10782178033478,0.0527062250843313,-0.175853321033204,0,-0.080619457412312,0.0283455023507129
2018-02-01,0.358700642791554,0.0746539885858155,0.0622049837169181,1.6613091902838,0.0401648672168742,2.53327986384841,0.0669198940592253,0.545995406107624,-0.517206700700135,0.241622625889248,0,0.100386535069608,0.316597940159102
2018-03-01,0.136295618524773,0.459368466514198,-0.479046295619101,0.680739143467712,0.0822093278909364,-0.107794598822841,0.121505538391964,-0.331435847502071,0.0413990969220235,0.633810932278256,0,0.337410375369052,-0.193839979739352
2018-04-01,0.43974034379699,-0.123110594350584,0.814808010288437,0.366880840560513,0.55111416755016,-0.818404064326372,0.981213016359828,1.01921956901574,0.472524299874899,0.375982899457972,0,0.759422726635828,0.0234230893102927
2018-05-01,0.321253932754639,-0.282720771661404,0.869272052994607,0.220089375424637,0.0769420749662908,0.634514100848271,-0.040991242779953,1.50271064451037,0.292142795567107,0.129294773068644,0,0.376385953202063,0.0604954774751976
2018-06-01,0.00661231969620868,-0.440489738256877,-0.126466788917878,-2.13781711590425,0.237292961890745,0.287988671807726,0.15750820161049,0.77779304658514,0.660898133822307,-0.428210630257697,0,0.302935146018446,-0.0838623487308676
2018-07-01,-0.010390101067359,0.252258999044175,-0.249635947576465,-3.64996975432709,0.222527342455381,-1.81932664879458,0.108872656213643,1.32995163812224,0.509497333915254,0.544478454482178,0,0.177713117622136,-0.750514819983794
2018-08-01,0.605522440227091,0.153333529914779,0.645600036269678,3.08345062934796,0.118102796674235,1.21171486318408,0.257478016768609,1.3178788340944,0.38419785717656,0.588000986324233,0,0.11765246564639,0.575255177296596
2018-09-01,0.12018779342724,-0.126600912704244,0.157661918790586,3.07766360832236,0.24347661963855,-0.0288021198360244,0.197480043389997,-1.79305093150103,0.28492975494161,0.268710754087231,1.03447964861965,0.299293996676542,0.327535466713602
2018-10-01,0.0787785572269995,-0.239765737083109,-0.150217680710973,-0.473644585489508,0.255123654952327,-0.114281324126808,-0.282219261233263,-0.376878758644328,0.735149327207085,0.714641691820184,2.08705277440548,-0.166591913884795,-0.120841210750977
2018-11-01,0.195854261938688,0.133961111877223,1.34588532048106,1.50525690866958,0.0460119818957105,0.198057879050073,-0.0241261239525947,-0.385544785642533,0.0372338940137107,0.0690897887159592,0,0.540951891956332,0.230266367450493
2018-12-01,0.135614145022966,0.929587440240809,-1.069342838603,-1.02447031300115,0.0769642304046192,1.03055193060568,0.134582006849748,0.778616660761178,-0.133992127962479,-0.18286823224265,0,0.303674184046621,-0.279383992368054
2019-01-01,-0.629518241084948,0.0974630371431751,2.38463197239793,-4.2966069386199,-0.541148886283704,-2.0533763890208,0.591364959308915,-1.25220871948362,0.272070812951308,-0.121512361546006,0,-0.601872897536138,0.143500034166677
2019-02-01,0.391006842619746,0.387525194006022,0.862659060991677,0.973987172847868,0.060350030175016,1.98297261655418,0.213777597582099,0.414479390149269,-0.0390272912272227,0.477282298441795,0,0.173788965315369,0.309983818454751
2019-03-01,0.167590442663457,0.102811805899061,-0.322796759851396,1.0277147647697,0.0744496381182236,0.114097724701212,0.251020633344368,-0.0718253643546274,0.150592609807099,0.231919154286797,0,0.449241220621266,0.177835652647129
2019-04-01,0.609419836054848,-0.265485868206605,-0.44953824130165,0.153272414870353,1.37958960740552,-1.22800186147228,0.782360656339143,2.29551451187335,1.32637812450691,-0.763841135911691,0,0.409053722388864,0.347279482378959
2019-05-01,0.260128763738043,0.0922930449904324,0.249020140819134,0.486406924719018,0.104963959277704,1.06057692307693,0.158351686354452,-0.316633016996792,0.616492314456885,0.471009064349381,0,0.807532138330624,0.24167431968678
2019-06-01,-0.0111194506991374,0.129091120860347,0.24052969011028,-1.01272699053235,0.024125676214859,0.677430710826532,0.278040270407787,0.35957422129429,0.122907164122044,-0.418472435807815,0,-0.0781306128313841,-0.146583731134564
2019-07-01,0.0426293011574819,0.0736712517327209,-0.137863637156865,-2.85857081259064,0.0918409944802745,-1.72565326276992,0.067958174009175,0.414295874822179,-0.0163675050466439,1.10252138591993,0,0.80438592549319,-0.109133403513517
2019-08-01,0.322362509610663,0.503695380532188,0.150286593037907,1.84006375659507,0.0620979850594061,0.954908692265533,0.0434636942329147,1.266977139518,0.231910946196656,-0.638746945123303,0,-0.196148359486448,0.644880595571862
2019-09-01,0.104338833436435,-0.22938211397785,-0.133484557668828,2.96381412764608,0.0935523012939754,1.11828694442857,0.398244105534684,-2.50312562840431,0.694123091161503,0.494717424115376,1.06066700477432,0.762015365374325,0.268979893752941
2019-10-01,-0.118988322541369,-0.602787894009804,0.352066534459716,0.974572602291657,-0.328515111695138,-1.12570179735484,-0.325445120576973,-0.214322865290451,0.0558679354094593,0.397719371436511,1.6707765520225,-0.245582615942475,0
2019-11-01,0.213325945421805,0.83288789542737,-0.191520849656135,0.99851366286825,0.108628037174929,0.48589476091121,0.269527151694948,-0.24893282408448,-0.0243159999279485,0.456165623210891,0,-0.160866010167449,0.305622886268053
2019-12-01,0.00368609237346718,0.569627573444365,-1.42782381160053,-1.8008754386627,0.0890339813028662,1.3615116951579,0.0595334740488118,0.617128236544806,0.850366179928108,-0.273008052358714,0,-0.508301063782435,-0.0754565599449752
2020-01-01,,,,,,,,,,,,,
2020-02-01,,,,,,,,,,,,,
2020-03-01,,,,,,,,,,,,,
2020-04-01,,,,,,,,,,,,,
2020-05-01,,,,,,,,,,,,,
2020-06-01,,,,,,,,,,,,,
2020-07-01,,,,,,,,,,,,,
2020-08-01,,,,,,,,,,,,,
2020-09-01,,,,,,,,,,,,,
2020-10-01,,,,,,,,,,,,,
2020-11-01,,,,,,,,,,,,,
