"date","CPI","01FB","02AT","03CF","04HW","05FH","06HL","07TR","08CM","09RC","10ED","11RH","12MS"
1997-03-01,0.928467606315109,1.11813193956887,1.50212608615272,3.28547615206753,-1.28314451618143,-1.83991894630193,-0.653594771241828,0.656321546680227,1.04859850776367,1.75805675805676,0.649474689589291,6.95970695970696,1.20529075682867
1997-04-01,0.91992638780245,1.10576799444544,1.47989617959108,3.18096626405666,-1.29982312533421,-1.87440650675035,-0.657894736842102,0.652042054185209,1.03771702255038,1.72768310841152,0.645283735054081,6.50684931506849,1.19093650916404
1997-05-01,0.911540882687012,1.09367449195006,1.45831463699184,3.0829002472375,-1.31694102938111,-1.91021163798543,-0.662251655629142,0.647818008336265,1.02705905589573,1.6983411551508,0.641146520837266,6.10932475884245,1.17692013756208
1997-06-01,1.7746461363596,-0.930887865750873,0.15479191543939,1.46353401860009,-0.179061615777687,0.2101831596105,0.317460317460316,10.0339287496258,0.430107526881707,-1.55803805999134,0.768221847479844,2.5735617039965,2.15084220862605
1997-07-01,1.74370160322825,-0.939634812200019,0.154552680385067,1.44242365767766,-0.179382821556417,0.209742316582484,0.316455696202533,9.11894073368702,0.428265524625271,-1.58269708291754,0.762365191521019,2.50899126562767,2.10555504205563
1997-08-01,1.71381773589114,-0.94854769656727,0.15431418367795,1.42191363895758,-0.179705181781953,0.209303318952636,0.315457413249232,8.35688164893618,0.426439232409392,-1.60814921361031,0.756597158147265,2.44758165566787,2.06213564109063
1997-09-01,0.0668158958599285,2.66842663767892,3.02430005282621,9.32151732545599,1.73320085938229,6.44927536231883,1.57232704402515,-9.5519335250879,3.21366531557614,4.5222517794234,0.604395604395602,-3.02919112850621,1.54683979919463
1997-10-01,0.0667712820296984,2.59907230009073,2.93552108704012,8.52669954964613,1.70367278797998,6.05854322668482,1.54798761609909,-10.5606829392393,3.11360448807854,4.32659237859403,0.600764609503002,-3.12381753205802,1.52327714210849
1997-11-01,0.0667267277381089,2.5332317747365,2.85180572851806,7.85677587637832,1.67513398609664,5.71245186136073,1.52439024390245,-11.807651585784,3.0195865070729,4.14716160084394,0.597176981541803,-3.22454648034024,1.50042156339798
1997-12-01,-1.0149582762748,-2.10639827462258,-2.55478871534084,-10.1168883514712,0.552945544954064,-3.72156148433873,-0.285285285285297,5.59228798222509,-1.6987941202359,-2.84038153118934,0.539665407447387,-4.10108076595364,-1.1747953008188
1998-01-01,-1.02536530631329,-2.1517221120658,-2.62176938369781,-11.2556053811659,0.549904870471329,-3.86541529101904,-0.286101490739354,5.29611403359918,-1.72815186246419,-2.92341774901178,0.536768652710684,-4.27646192335571,-1.18876080691642
1998-02-01,-1.03598796750969,-2.19903932752927,-2.69235676917188,-12.6831733198585,0.546897454731265,-4.02083735288442,-0.28692237994562,5.02973360622714,-1.75854214123006,-3.01145516377302,0.533902829684996,-4.46751343429407,-1.2030623405031
1998-03-01,1.18004660305393,2.1947663264523,1.21951219512195,5.03472222222223,-0.800400200100049,0.631206529168149,0.378615780705727,-1.19836739704169,0.491560007419789,1.70472895040368,0.654983182864211,6.3946204392626,1.97329116148304
1998-04-01,1.1662839093991,2.14763084778855,1.20481927710843,4.79338842975208,-0.806858295511848,0.627247303236134,0.37718768859385,-1.21290242425183,0.48915551453621,1.67615505001248,0.650721069293003,6.01028549456888,1.93510588802921
1998-05-01,1.1528385390172,2.10247739469234,1.19047619047619,4.57413249211356,-0.813421453990848,0.623337435978888,0.375770329174818,-1.22779437195409,0.486774430565773,1.64852324440081,0.646514066049275,5.66953052388186,1.89837041044021
1998-06-01,1.55773619064981,-0.472796217630267,-1.28188909972592,1.27062480003655,-0.230244156435855,1.34154040404042,-0.284516322252182,8.69502936542044,0.374737226944499,-0.485000109728539,0.677083333333339,3.00553481786587,0.625425106587696
1998-07-01,1.53384296369656,-0.475042199180109,-1.29853487676733,1.25468249311731,-0.230775503547265,1.32378134247,-0.285328127346451,7.99947285187137,0.373338189765082,-0.487363824813647,0.672529746508022,2.91783817557014,0.621537852809295
1998-08-01,1.510671633147,-0.477309621302069,-1.31561864370104,1.2391352796969,-0.231309308769312,1.30648632031971,-0.286144578313241,7.40695546064674,0.371949560010898,-0.489750692520774,0.668036998972243,2.83511413307431,0.617698622056917
1998-09-01,0.44541601856134,1.13691693446296,2.64438889619787,10.1527759432924,1.88589592344999,5.00303444090426,0,-7.97546012269938,3.03687635574836,5.41154462854088,0.561510974987245,-1.13741464470551,1.19198827552516
1998-10-01,0.443440861929445,1.12413643694484,2.5762624967957,9.21699508373635,1.85098821221235,4.76465700971718,0,-8.66666666666667,2.94736842105263,5.13373051083788,0.558375634517772,-1.15050060709808,1.17794728203147
1998-11-01,0.441483145264843,1.11164008569389,2.51155816568787,8.43915827996342,1.8173492910601,4.54796220950278,0,-9.48905109489051,2.86298568507157,4.88304798649626,0.555275113579001,-1.1638911822154,1.16423322836148
1998-12-01,-0.886789620077133,-1.1088353697295,-2.46221355436372,-9.17620060072222,0.399317670776145,-4.51832063586293,-2.14469113426975,4.22640382317803,-1.71471172962226,-3.02716787370196,1.15461847389557,-3.91377870138339,0.952740307518152
1999-01-01,-0.894723939097375,-1.12126839022997,-2.52436890777306,-10.1032996432818,0.397729466733598,-4.73213360505683,-2.19169624942122,4.05502220948559,-1.74462705436157,-3.12166594222943,1.14143920595533,-4.07319452101267,0.943748831994018
1999-02-01,-0.902801520423147,-1.13398338750451,-2.58974358974359,-11.2387880791965,0.396153846153857,-4.96718755665131,-2.24080795329019,3.89699807215642,-1.77560473494596,-3.22225394624137,1.12855740922473,-4.24614840520766,0.934925483661941
1999-03-01,0.744813198008698,2.62030001948177,1.58375010967797,1.80217937971501,-0.830555874803673,-0.392964785776972,0.161420500403531,1.36956041528606,-0.227054405728766,1.24330931006869,0.242600679281901,3.7719298245614,-1.43983859134262
1999-04-01,0.739306743807044,2.55339345040342,1.55905851867846,1.77027583367642,-0.837511878916186,-0.394515091159786,0.161160354552781,1.35105687513619,-0.227571115973746,1.2280409624511,0.242013552758946,3.63482671174979,-1.46087280171211
1999-05-01,0.733881111259982,2.489818585709,1.53512502126212,1.73948220064726,-0.844585381816476,-0.396077677369744,0.160901045856798,1.33304665663299,-0.228090183349405,1.21314306863511,0.241429261226456,3.5073409461664,-1.48253068932955
1999-06-01,0.742231777207381,-1.61428700442519,-0.0628219625581128,0.0795228628230671,-0.0314309736529905,1.22770442436877,0.497991967871481,4.31996605134735,0.782555174536159,0.333170810986494,0.144508670520227,2.55070299863134,-1.61347007891627
1999-07-01,0.736763285976094,-1.64077380269408,-0.0628614533567995,0.0794596742153431,-0.0314408558200863,1.21281464530894,0.495524296675209,4.14107309929626,0.776478799511438,0.332064469101812,0.144300144300136,2.48726037369571,-1.63992985646555
1999-08-01,0.731374785076744,-1.66814427698193,-0.0629009938357017,0.0793965859468004,-0.031450744203243,1.19828170924712,0.493080960712589,3.97640717159486,0.770496060947101,0.330965450435916,0.144092219020164,2.42689712323902,-1.66727194691141
1999-09-01,0.804904382408211,-0.379623698009335,3.30228264518295,11.1816298646921,1.80662718356495,5.64864462317545,1.56695156695157,-7.46459295991585,3.07560137457044,4.70874567543647,0.271782573940849,-0.888041300662668,3.70333064732742
1999-10-01,0.798477402800546,-0.381070331293032,3.19671798204637,10.0570839609926,1.77456736711989,5.34663236175237,1.54277699859748,-8.06674244884703,2.98383063843972,4.4969936800046,0.27104591836733,-0.895998134147058,3.57108168485125
1999-11-01,0.792152246119526,-0.382528032132345,3.09769345823823,9.13806144869072,1.74362555698098,5.07527601204418,1.51933701657458,-8.77456392139545,2.89737779216577,4.30346703922939,0.27031324534903,-0.904098842910361,3.4479524851516
1999-12-01,-0.932683355991537,-0.271197830417369,-3.80254266407055,-10.2079207920792,0.715490099526983,-3.85582831852773,-1.9803476946334,4.25985090521832,-0.0471920717319496,-2.57494844815735,-0.903901046622269,-4.28466821033466,0.710119964947276
2000-01-01,-0.941464236225409,-0.271935313086569,-3.95285152994405,-11.3683978387915,0.710407206299579,-4.01046496224665,-2.02035780382481,4.08580183861083,-0.0472143531633606,-2.64300445023337,-0.912145943350939,-4.47647010172857,0.705112818050879
2000-02-01,-0.95041202554268,-0.272676817644368,-4.11553241601587,-12.8265737745708,0.705396022125471,-4.17802311540452,-2.06201794427828,3.92541707556429,-0.0472366556447779,-2.71475556051062,-0.920542635658916,-4.68624862009999,0.700175788815072
2000-03-01,0.860047674223541,0.871080139372826,1.69360051712992,4.46696160981874,-1.20370167481065,-0.208828400662497,0.225008036001273,1.92291183792601,-0.84278512917455,0.79838031935211,2.75468622656885,5.0052232365899,-0.686431149772182
2000-04-01,0.85271392791868,0.863557858376507,1.6653953724892,4.275956284153,-1.21836718097336,-0.209265406263537,0.224502886465694,1.88663353828014,-0.849948367622511,0.792056694584442,2.68083756345179,4.7666421558026,-0.691175594351412
2000-05-01,0.845504195879299,0.856164383561642,1.63811429285983,4.10061574741256,-1.23339445421548,-0.209704244703146,0.224000000000002,1.85169876828966,-0.857234417561292,0.785832456008428,2.61084504866369,4.54977085999753,-0.695986080278399
2000-06-01,1.43323578126278,-0.556498773816272,-0.254265091863537,2.5044047319406,-0.240211568043525,0.880434782608686,1.56449553001277,5.08481454427401,0.75959595959596,-0.197724305166957,2.33363444745558,4.10496386684043,0.454655307836371
2000-07-01,1.41298438349489,-0.559613013373794,-0.254913247265842,2.44321669736034,-0.240789973414368,0.872750781165821,1.54039610185475,4.83877196369955,0.753869596599555,-0.198116028708128,2.28041783139621,3.94310099573258,0.452597549056466
2000-08-01,1.39329731008768,-0.562762304463937,-0.255564715581191,2.38494726749761,-0.24137117099281,0.865199743644518,1.5170278637771,4.6154412848092,0.748228926211914,-0.198509307464689,2.22957422324512,3.79351872126121,0.450558333083872
2000-09-01,0.321066795020464,1.56354916067145,2.85560790147945,9.52436692808927,1.87152714172314,5.17490910374527,3.1259530344617,-7.36006948112156,2.83637512838744,3.94430683779927,1.5618404390038,-2.1131093648366,0.977543326329577
2000-10-01,0.320039255240845,1.53947865508122,2.77632689139782,8.69611685073031,1.83714448407108,4.9202886390334,3.0311991719651,-7.9448132569807,2.75814382298709,3.79463479799258,1.5378221113882,-2.15872559760062,0.968079925623133
2000-11-01,0.319018271540528,1.5161380336713,2.70132916340893,8.00039330077677,1.80400235432607,4.68954927865393,2.94202066590128,-8.63048953358748,2.68411214953272,3.65590649784333,1.51453131395825,-2.20635474219423,0.958797994709082
2000-12-01,-1.46722357959215,-1.0307861462342,-3.64660652430437,-11.1131342558874,0.672101292168925,-3.02196962752469,-0.697058413495044,4.35607772254858,-1.9513615843891,-3.72495721332931,-0.282258064516128,-4.84636897723221,-1.73868982989503
2001-01-01,-1.4890715890639,-1.04152201083183,-3.78461660016592,-12.5025606008877,0.667614248180204,-3.11613838301089,-0.7019514249614,4.17424439248291,-1.99019753453142,-3.86907874098087,-0.283057015770316,-5.09320445803332,-1.76945516692696
2001-02-01,-1.51158009886198,-1.05248386191412,-3.93348388421269,-14.2890588418917,0.663186719151132,-3.21636475982958,-0.706913615156224,4.00698312411671,-2.03061069859068,-4.02480147938649,-0.283860502838607,-5.36653295367158,-1.80132887375699
2001-03-01,1.28713694200138,1.16531934004631,1.62841389921784,5.54493307839388,-1.00310281803885,-0.0268817204301164,-0.327495372348008,1.36946154051101,-0.711523588553753,2.00989837168009,-0.298224210383635,5.51053128637631,0.580400782013668
2001-04-01,1.27078025982552,1.15189607233817,1.60232147363109,5.25362318840579,-1.01326692713923,-0.0268889486421009,-0.328571428571423,1.35096065392803,-0.716622526873334,1.97029739639272,-0.299116247450715,5.22273105745212,0.577051570187703
2001-05-01,1.25483407609297,1.13877852721056,1.57705203029928,4.99139414802066,-1.02363912383431,-0.0268961807423307,-0.329654579332084,1.33295298358447,-0.721795072964071,1.93222678240657,-0.300013636983487,4.96350076163723,0.573740789950472
2001-06-01,1.02376353590354,-0.586959004225196,-0.444172779136109,0.10928961748633,-0.173831748396813,0.965160075329563,0.215703192407246,3.76839411388354,0.324008218745075,-0.0712631391412977,-0.328272466146906,2.68008594368427,0.648531796072782
2001-07-01,1.01338883057918,-0.590424554309865,-0.44615447587083,0.109170305676853,-0.174134449354679,0.955933784098861,0.215238915195859,3.6315432517418,0.322961795982657,-0.0713139597076085,-0.329353643474684,2.61013215859032,0.644352962233752
2001-08-01,1.00322228796703,-0.593931270365833,-0.448153934709306,0.109051254089421,-0.17443820636478,0.946882217090073,0.214776632302405,3.50428367444073,0.321922110552775,-0.0713648528099853,-0.330441966129702,2.54373725448105,0.640227636492985
2001-09-01,0.456132735508286,2.93857813735061,2.69276834758185,11.2822906940554,1.61894273127754,5.03644148119096,2.31461637376769,-6.75173880554119,4.05415981842372,3.79575075879306,0.0690703135792115,-1.83343800153515,0.528656417506035
2001-10-01,0.454061611857237,2.85469081711007,2.62215966217576,10.1384421759194,1.59315053646907,4.79494679195966,2.26225387515711,-7.24060558240458,3.89620157954118,3.65694234209442,0.069022639425742,-1.86768077052938,0.525876338494435
2001-11-01,0.452009211545557,2.7754600149313,2.55515930556101,9.20518029456579,1.56816727117559,4.57555153062741,2.21220811142975,-7.80579220882785,3.75009049446176,3.52792804752582,0.0689750310387538,-1.90322697475643,0.523125346078746
2001-12-01,-1.51686058251347,-2.71332735119431,-3.89392028736293,-9.6006278339728,0.576269999649881,-3.96365701306076,-0.801603206412826,3.44260877086757,-3.24471425580909,-2.42835160607809,0.372208436724564,-4.18674198371822,-1.61194462564326
2002-01-01,-1.54022362760312,-2.78900210822206,-4.05168986083498,-10.6202372914054,0.572968156058984,-4.12724692526016,-0.808080808080813,3.32803746132617,-3.35352661185634,-2.48878813266966,0.370828182941896,-4.36968961331715,-1.6383539846478
2002-02-01,-1.56431761715328,-2.86901911173361,-4.2227839708259,-11.8821497949493,0.569703933933741,-4.3049216726286,-0.814663951120165,3.22084648377439,-3.46989030669353,-2.55230971393915,0.369458128078826,-4.56935630099728,-1.66564311499228
2002-03-01,1.09039381107134,0.937296492696982,1.47542402215299,3.686466625842,-0.977395996806263,-0.634828564062895,1.19096509240246,1.26486345224095,0.39424860853432,1.32946078177134,0.286298568507148,5.02037283340724,1.04038142241312
2002-04-01,1.07863246938102,0.928592824719465,1.45397177333391,3.5553980628396,-0.987043318689884,-0.638884384627869,1.17694805194806,1.24906449198692,0.392700392700385,1.31201801678837,0.285481239804231,4.78037993768217,1.02966893806911
2002-05-01,1.06712214345377,0.920049312816773,1.43313440363118,3.43332953119653,-0.996882985594327,-0.642992362425743,1.16325711993581,1.23365534116686,0.391164289001389,1.29502702884763,0.284668564457102,4.56228536346719,1.01917481160934
2002-06-01,0.978859945149924,-0.366474380726167,-0.174021131137347,0.91898250257314,-0.119128658951673,0.358069708616648,0.43616177636796,4.03857290329079,0.0687600275040001,-0.867830423940152,0.0946201676128799,3.6788315810719,-0.186120712576443
2002-07-01,0.969371159153143,-0.367822355425385,-0.174324492591205,0.91061411816129,-0.119270744590216,0.356792144026197,0.43426766679826,3.88180344134941,0.0687127805771848,-0.87542765143892,0.094530722484798,3.5482957562029,-0.186467767714438
2002-08-01,0.96006457010136,-0.369180283038217,-0.174628913558683,0.902396765809987,-0.119413169566696,0.355523663524582,0.432389937106925,3.7367501456028,0.0686655985351337,-0.883159070145167,0.0944414463033061,3.42670608945326,-0.186816119562316
2002-09-01,0.915594441585177,3.8244241634072,3.45287183972676,10.284753523646,1.86450327355536,5.57072282891315,2.0743639921722,-6.8640661142177,2.71424214699603,3.70066912467566,0.0269578110257296,-1.35170863903762,3.16399286987523
2002-10-01,0.907287368866605,3.68354960234409,3.33762782832756,9.32563495410164,1.8303758558055,5.27676867187981,2.03220858895705,-7.3699439387546,2.64251781472684,3.56860679483804,0.0269505457485719,-1.37023015846428,3.06695464362852
2002-11-01,0.899129678860611,3.55268469923293,3.22982818404955,8.53014478993592,1.79747530186609,5.01228213826179,1.99173243141677,-7.95632028321532,2.57448654903096,3.44564526382709,0.0269432843863715,-1.38926630434781,2.97569153394803
2002-12-01,-1.9101335590764,-2.46639991792347,-3.66847826086957,-10.65365373575,0.355169160264168,-5.07936507936508,-1.83001719479244,3.62844497235537,-1.12098138747885,-3.15265486725663,-0.107744107744101,-5.56129654507252,-2.43114909781575
2003-01-01,-1.9473301660848,-2.52876948646203,-3.80818053596615,-11.9239948595557,0.353912173369975,-5.35117056856187,-1.86413111472538,3.50139864910965,-1.13368983957219,-3.25528269560251,-0.107860320884468,-5.88878959750515,-2.49172668872883
2003-02-01,-1.98600422546702,-2.59437525630787,-3.95894428152492,-13.5383011985409,0.352664052357565,-5.65371024734982,-1.89954105048444,3.38294814834346,-1.14668974469927,-3.36481700118064,-0.107976784991226,-6.25726687853654,-2.5554002794969
2003-03-01,1.70406542080905,2.64574885328723,1.43765903307889,6.22388299582126,-1.06494355199019,1.36014192785334,0.610786224821314,1.35812387620031,0.0583643393886391,2.07187945428629,0.0270233752195592,6.78863049095608,1.61120379313373
2003-04-01,1.67551357338405,2.57755326727545,1.41728333124294,5.85921246737529,-1.07640667547384,1.34189031505252,0.607078274347717,1.33992602098589,0.0583302952971154,2.02982394893023,0.0270160745643677,6.35707233976652,1.58565564916828
2003-05-01,1.64790273931072,2.5127848980365,1.3974771209498,5.53491031229902,-1.0881192638672,1.32412204951065,0.603415072538205,1.3222093932735,0.0582962908985074,1.98944178316551,0.0270087778527994,5.97710354367254,1.56090506975162
2003-06-01,1.17043612478809,-1.40214735891278,0.121966093426029,0.768579651261203,0.0158434938348107,-0.0284090909090873,0.191424196018386,4.40744008234084,0.728279076542115,0.052719865803974,0.216011880653433,3.96723169663558,0.185658249228737
2003-07-01,1.15689540306461,-1.42208711584909,0.121817517359002,0.762717559303794,0.0158409840694818,-0.0284171639670316,0.191058463889959,4.22138506495793,0.723013520352844,0.0526920866066316,0.215546275090928,3.81584815897715,0.185314198132924
2003-08-01,1.14366440216946,-1.4426021755201,0.121669302834904,0.756944212878063,0.0158384750991836,-0.0284252416145492,0.190694126620894,4.05040199986488,0.717823558969188,0.0526643366687507,0.2150826724022,3.67559310706955,0.184971419829494
2003-09-01,0.751922538467031,2.12592687840212,3.1676590918297,9.61742123378342,1.77156273452723,5.19066123274254,1.73835807638625,-6.54957090137767,3.04326134986814,4.34969853574505,0.402414486921532,-1.8309621376061,3.30112721417068
2003-10-01,0.746310858911881,2.08167205271332,3.07039930896382,8.77362478111225,1.74072470435418,4.93452666987024,1.70865552506858,-7.00860441685678,2.95338221054087,4.16838629797771,0.400801603206413,-1.86511162528922,3.19563522992985
2003-11-01,0.740782320016686,2.03922213542738,2.97893413584245,8.06594870656157,1.71094191574959,4.70248146770087,1.67995095033722,-7.53683109378697,2.86865972455492,4.00158478605388,0.399201596806398,-1.90055917541541,3.09667673716012
2003-12-01,-1.67730904610212,-0.745396671904608,-4.62767728332039,-9.97071967945754,0.847291413329154,-5.62845115083922,-2.14664737095996,3.60418602771828,0.790229885057459,-4.02962962962963,0.35785288270378,-4.74032933840007,-2.1712769988632
2004-01-01,-1.70592264087706,-0.750994560363716,-4.85222248080056,-11.0749743238617,0.840172702166564,-5.96413984879646,-2.19373921616958,3.47880347880347,0.784034212401985,-4.19882679839456,0.356576862123603,-4.97621848309723,-2.2194677925398
2004-02-01,-1.7355294303688,-0.756677164710207,-5.09966980555215,-12.4542829643888,0.83317261330762,-6.34241005421389,-2.2429435483871,3.3618512795387,0.777934936350788,-4.3828553013213,0.355309909198587,-5.23681377825619,-2.26984630011092
2004-03-01,1.29245097989912,0.183399274645568,1.25429553264604,3.42274992670772,-1.00289455899417,1.55895411938827,0.979633926269674,0.483743542996051,-0.236044657097301,2.30471696599099,0.327825858903741,5.4182995399557,2.57116992960695
2004-04-01,1.27595982464241,0.183063537445727,1.23875784829459,3.30947487775493,-1.0130544267194,1.53502380258428,0.970130201684949,0.481414730323082,-0.236603146182368,2.25279638548546,0.326754672591822,5.13980927751738,2.50671795141999
2004-05-01,1.25988420830738,0.182729027224582,1.2236004022796,3.20345726437097,-1.02342225113857,1.5118170509999,0.960809102402038,0.479108232716619,-0.237164284340741,2.20316359563664,0.325690463783235,4.88854727132975,2.44541821406083
2004-06-01,1.09574274090605,-1.1804488164771,-0.517469779764856,0.0332336324360138,-0.131469101474435,0.637823231847179,-0.413223140495866,4.75505876433167,0.0835260858391029,-0.986264354875033,0.142838592390593,3.07619652482616,1.10258147061038
2004-07-01,1.08386635401085,-1.19454986623531,-0.520161458116619,0.0332225913621365,-0.13164217025281,0.633780830471453,-0.414937759336098,4.5392163590201,0.0834563779931852,-0.996088419903574,0.142634854771773,2.98439079878665,1.09055718911677
2004-08-01,1.07224465496305,-1.20899187708583,-0.522881285033039,0.0332115576220593,-0.131815695294835,0.629789346322096,-0.416666666666665,4.34211821851718,0.0833867864015403,-1.00611016676621,0.142431697526879,2.89790595996011,1.07879234167894
2004-09-01,0.95931354397607,3.63099411477255,3.65838274252555,9.52191235059761,2.20554752618345,4.46417560734986,0.722708254089,-5.38500251635632,1.51893866564121,3.69562527071343,0.0258598396689846,-1.62805259862242,2.71494311489942
2004-10-01,0.950198164291449,3.50377234705594,3.52926858950955,8.69407057111675,2.15795285047362,4.27340337622477,0.71752265861027,-5.69148936170213,1.49621212121211,3.56391628004118,0.0258531540848095,-1.65499681731381,2.64318222117144
2004-11-01,0.941254382428292,3.38516391007231,3.40895732925826,7.99866131191433,2.11236892504314,4.09826785916452,0.712410948631415,-6.03496897913142,1.47415562604964,3.44127221918122,0.025846471956581,-1.68284789644013,2.57511718165173
2004-12-01,-1.53418349757997,-1.84312373069703,-4.0809366829601,-9.40760252040079,0.631990739881028,-4.45894507884721,-2.41995532390171,3.19377751100438,-1.41596175064362,-3.51199676929719,-0.155038759689918,-4.08163265306123,-1.72678994464843
2005-01-01,-1.55808741761895,-1.87773266708308,-4.25456269258118,-10.3845386391494,0.628021700886983,-4.66704610130905,-2.47996947729874,3.09493226048811,-1.43629919791084,-3.63982738962895,-0.155279503105588,-4.25531914893616,-1.75713192199156
2005-02-01,-1.58274801529791,-1.91366620250645,-4.44361925980938,-11.5878872701826,0.624102203612598,-4.89552238805969,-2.54303599374022,3.00202172175468,-1.45722937168812,-3.77731514071321,-0.155520995334368,-4.44444444444444,-1.78855926783035
2005-03-01,1.03636841225494,0.981585138314256,1.70984455958549,3.43227199136535,-0.832239879477092,0.806654111738858,-0.347919175699196,0.758872532237809,-0.179245886947066,1.21410226476768,0,5.09055835387417,1.0692337749991
2005-04-01,1.02573798775731,0.972043701799508,1.68110035659705,3.31837629134926,-0.839224238266156,0.800199271413882,-0.34913387941452,0.753157030409413,-0.179567754761745,1.19953863898501,0,4.84397307770752,1.05792211443836
2005-05-01,1.0153234296409,0.96268597342668,1.65330661322645,3.2117967882032,-0.846326818058274,0.793846914190421,-0.350357094731157,0.74752697841729,-0.179890780597491,1.1853202644176,0,4.62017313490906,1.04684728550064
2005-06-01,1.10547565560419,-1.46375098502759,0.977493017906994,0.368594448249993,-0.0785017382527786,-0.392265024056893,0.540906017579434,4.29790794979079,0.804531119263685,-0.372456258917175,0.545171339563866,2.3180860295029,0.889148941052298
2005-07-01,1.09338851178522,-1.48549493172322,0.968030586512647,0.367240818979542,-0.0785634118967482,-0.393809802172107,0.537995965030258,4.12079976892712,0.798110075341607,-0.37384868173117,0.542215336948093,2.26556820935304,0.881312757997188
2005-08-01,1.08156282807532,-1.50789463002799,0.958749597164044,0.36589709548942,-0.0786251825227402,-0.395366795366792,0.535117056856182,3.95771044601301,0.791790713878515,-0.375251554721656,0.539291217257309,2.21537732496151,0.873613490846803
2005-09-01,0.8727294463996,3.38958603779027,3.6748862820206,10.3013292037682,2.04961031175059,6.41920178621267,0.585495675316028,-5.78567122285806,3.17370537958772,5.03333788976472,0.830140485312891,-1.66898470097357,1.18564707722908
2005-10-01,0.865178776453512,3.27845982142856,3.54462533194781,9.33926116587207,2.00844501560491,6.031995803829,0.582087577721913,-6.14096740692562,3.07607967350916,4.79213361289856,0.82330588980366,-1.6973125884017,1.17175420771305
2005-11-01,0.857757639403989,3.174388761313,3.42328278322925,8.54154405863785,1.96890072708948,5.68884491714075,0.578718926739463,-6.5427559151923,2.98428081787023,4.57298983013428,0.816582914572872,-1.72661870503598,1.15818314794398
2005-12-01,-1.63947079082841,-1.91710619833165,-4.14734950584008,-9.66851509550216,0.791885817830962,-5.33582962789609,-4.40695697659214,3.23969432784414,-2.1231422505308,-4.03124711346873,1.09657320872274,-4.28105173255247,-1.70497464119996
2006-01-01,-1.66679744813282,-1.9545775252188,-4.32679689550447,-10.7033722579941,0.785664254027529,-5.63658838071693,-4.61012311901505,3.13803169307756,-2.16919739696312,-4.20058299417004,1.08467891039075,-4.47252274501682,-1.73454824898452
2006-02-01,-1.69505050672342,-1.99354286603393,-4.52247521260336,-11.9863118335421,0.779539689342434,-5.97327744301808,-4.83292700415888,3.04255534216114,-2.21729490022172,-4.38476884876495,1.07303987318621,-4.68192280748573,-1.76516590325102
2006-03-01,1.33295349595888,1.14703022365106,2.5982021918483,4.40533222245365,-0.859136151529794,1.57580260673043,1.44665461121158,0.870882654284655,0.153214438928728,2.48131135729082,1.24261068886478,5.91457119358845,0.304787899465486
2006-04-01,1.31541956488224,1.13402264121327,2.53240518482958,4.21945137157107,-0.866581264455091,1.55135629381287,1.42602495543671,0.863363768977243,0.152980051401297,2.42123302720043,1.22735938989513,5.58428469939036,0.303861765572888
2006-05-01,1.2983409342147,1.12130676858013,2.46985836357252,4.04862174578866,-0.874156541263693,1.52765689246377,1.40597539543057,0.855973603016813,0.152746379910806,2.3639951947829,1.21247792819306,5.28893548437575,0.302941242963417
2006-06-01,0.961827339400911,-0.546762589928063,0.038077831086758,0.0582589764817509,0.120924690462276,0.16849946789641,1.90641247833623,3.67632219070988,-0.103709126403129,-1.29650586082121,1.25610607117934,2.43880690177896,1.42110126896116
2006-07-01,0.952664353199095,-0.549768518518523,0.0380633373934014,0.0582250551605767,0.120778639266605,0.168216024789736,1.87074829931972,3.54596123109709,-0.10381679389313,-1.31353593115261,1.24052377670572,2.38074512534818,1.40118895494195
2006-08-01,0.943674304489939,-0.552807681117251,0.0380488547294888,0.0581911733178231,0.120632940442644,0.167933533675102,1.8363939899833,3.42452876861425,-0.103924685169321,-1.33101934854635,1.22532334921714,2.32538366704926,1.38182694836504
2006-09-01,0.688936507050397,2.93153891164424,1.9891982352046,8.84909703091523,2.21755945034146,5.54722197711697,5.31420765027322,-6.99347530757897,2.28872162046385,4.61674879711598,1.28894866621834,-3.16161196510178,2.53899283374948
2006-10-01,0.684222647442678,2.84804729691319,1.95040089502145,8.12969264081436,2.16945059368083,5.25567785983001,5.0460500713452,-7.51933838051351,2.23751121746933,4.41301115758175,1.27254619895985,-3.26483332618301,2.47612421731707
2006-11-01,0.679572856055644,2.7691797479549,1.91308800936427,7.51846457921566,2.12338480932872,4.99324878875329,4.80365522351198,-8.13071430160389,2.18854233717596,4.2264954421452,1.25655594405596,-3.37502217491573,2.4162937818238
2006-12-01,-1.42177569097344,-1.44498825722943,-3.75435196152329,-10.0573253029534,0.521324141275525,-5.06846206218322,1.88523624366679,4.38277882706184,-2.16457653324171,-3.19199193064441,1.44599115139741,-3.25576414069554,-2.84741472821501
2007-01-01,-1.4422817016022,-1.4661743037491,-3.90080179004288,-11.1819281968536,0.518620447680185,-5.33907084229819,1.8503527234879,4.19875661130187,-2.2124670763828,-3.29723955104785,1.42538027869377,-3.36533139341799,-2.93086871569023
2007-02-01,-1.46338787717818,-1.48799084313328,-4.05914082812682,-12.5896993369062,0.515944653209943,-5.64020540449532,1.81673668672648,4.02956498508393,-2.2625246902496,-3.40966435264114,1.40534871525957,-3.48253007118893,-3.0193622595693
2007-03-01,1.20444510853481,0.101197503794914,0.461109088702827,5.00536908102116,-1.53609080895719,2.06084396467126,3.03334448533512,1.77516692347202,-0.37356849776472,1.02229564677143,1.08594477195161,5.66152907065467,1.75600434882879
2007-04-01,1.19011087629912,0.101095197978096,0.458992631960387,4.76677442765718,-1.56005466528533,2.01923076923076,2.94404156293973,1.74420438416654,-0.374969264814351,1.01195052065133,1.07427869858809,5.35817446562681,1.72570096483844
2007-05-01,1.1761138178354,0.100993098804913,0.456895515209821,4.54989136937562,-1.58477806949289,1.97926484448634,2.85984649353379,1.71430342860686,-0.376380576294189,1.00181267210009,1.0628606134224,5.08567511994518,1.69642572965403
2007-06-01,1.21404657686086,-0.155073519795235,-0.255336126072214,0.566196843753763,0.0961286873030431,0.0728168935193008,1.00173770826946,4.36134223278779,0.823733432429075,-1.23436493910376,0.731169871794868,2.8480737455431,1.52937739943249
2007-07-01,1.19948427903129,-0.155314371257487,-0.255989760409592,0.563009103977019,0.0960363688023991,0.0727639091010923,0.991802449144807,4.17907832486419,0.817003501443581,-1.24979193253065,0.725862583275316,2.7692047520399,1.50633977928936
2007-08-01,1.185267185477,-0.155555972037391,-0.256646749809508,0.559857057772484,0.0959442274502731,0.0727110017338717,0.982062330894884,4.01143722142796,0.810382646843788,-1.26560941692068,0.720631786771975,2.69458614447919,1.48398590921976
2007-09-01,0.950393212061673,3.2342230731689,2.74192899931651,9.16252072968491,2.24203547100894,4.80382293762576,3.22516622010518,-5.06773753054478,3.08854638863705,4.69341300327215,0.568460256787207,-2.52106450880636,2.22534761705269
2007-10-01,0.941445775317851,3.13289815808135,2.66875366855801,8.39346752753514,2.1928705357638,4.58363330933524,3.12439915400886,-5.33826688495426,2.99601313320825,4.48300697115058,0.565247051944273,-2.58626594156245,2.17690393716155
2007-11-01,0.932665237838326,3.03772919605079,2.59938255135876,7.74351786965664,2.14581557819771,4.38274437815511,3.02973804418756,-5.63930820753773,2.90886320942678,4.29065653938197,0.562069968020151,-2.65492947843572,2.13052446617517
2007-12-01,-1.30483337444924,-1.78293379874409,-4.27207548571642,-9.7630662020906,0.658971579193501,-5.80835836936078,-3.10351067680057,4.12230238693068,-2.9262086513995,-2.61389003205009,-0.106003661944698,-3.85265438786565,-2.02997746547354
2008-01-01,-1.32208437258108,-1.81529938502812,-4.4627265318794,-10.8193682909877,0.654657571853945,-6.16653268677231,-3.20291343729575,3.95909645909647,-3.01441677588467,-2.68404809773214,-0.106116148948476,-4.00703146128189,-2.07203939833551
2008-02-01,-1.33979762764029,-1.84886176120939,-4.67118891912749,-12.1319709040526,0.650399681094349,-6.57178388835152,-3.3088944626664,3.80832134362981,-3.1081081081081,-2.75807618922297,-0.10622887493964,-4.1742968493215,-2.11588129233468
2008-03-01,0.73172549734144,2.35551457960481,2.77387191614471,4.80601819913931,-1.23975986492402,0.567929718697302,-0.498852638930469,-0.454451170070347,0.509368746589045,0.947238798901218,-0.0773395204949789,5.13687442832875,0.193161678316112
2008-04-01,0.726410168920166,2.30130695867183,2.69900497512439,4.58563189568708,-1.25532285384116,0.564722491837988,-0.501353654868131,-0.456525857169909,0.506787330316749,0.938350380031894,-0.0773993808049656,4.88589227733849,0.192789283300887
2008-05-01,0.721171505766915,2.2495381799976,2.62807315005449,4.38457158270147,-1.27128154156915,0.561551285425987,-0.503879875037805,-0.458619574111774,0.504231946695488,0.929627219484996,-0.0774593338497165,4.65829309476553,0.192418321398091
2008-06-01,0.490575467174525,-1.21061695876811,1.05813862009283,0.508182601205864,0.0411355579009953,-0.264665677805898,-0.668489820723184,2.20807524661619,-0.716717434151581,-1.54344136107055,0.30038759689921,2.56301391188665,-1.02755999049655
2008-07-01,0.488180573047647,-1.22545249448803,1.04705928146043,0.505613163081664,0.0411186435175903,-0.265368015863743,-0.672988681553988,2.16037259413051,-0.721891355351023,-1.56763691764893,0.299487972176626,2.49896508900236,-1.03822841025025
2008-08-01,0.485808948140698,-1.2406561461794,1.03620955315873,0.503069577080484,0.0411017430384186,-0.266074091400836,-0.677548506313519,2.11468746567065,-0.727140519905467,-1.59260315262107,0.29859371989982,2.43803933711177,-1.04912067919951
2008-09-01,0.0540431892935844,2.04993429697766,4.1976438293492,7.90418822997088,3.38787888616792,3.05189094107301,0.857881136950911,-8.30867982715652,1.64194591955074,2.60209713024282,0.403341976375682,-4.05036009041687,1.98872341729484
2008-10-01,0.0540139984061883,2.00875611640483,4.02854006586169,7.32519131984484,3.27686274509804,2.96150891866518,0.850584136093446,-9.06157726979409,1.61542157098247,2.53610520936989,0.401721664275456,-4.22133954252841,1.94994441606826
2008-11-01,0.0539848390361142,1.96919969704621,3.87253350216312,6.82523015310983,3.17289144731845,2.87632625994696,0.843410222538377,-9.96451994409203,1.58974055906862,2.47337774746892,0.400114318376676,-4.40739045875758,1.9126488270659
2008-12-01,-2.01908650057346,-1.67863332508047,-3.87037789516457,-8.86252457367531,0.267440034546373,-5.73416055649558,-1.45102781136639,2.50770222827255,-2.86212914485166,-3.07788783946352,1.13862795331625,-4.55225443556834,-4.15642501180803
2009-01-01,-2.06069368865933,-1.70729250604351,-4.02620733382648,-9.72434723720184,0.266726700566244,-6.0829676904667,-1.47239263803681,2.44635493115257,-2.94646065397054,-3.17563017442859,1.12580917534477,-4.7693682115261,-4.33667568464563
2009-02-01,-2.10405175028354,-1.7369472767331,-4.1951112089848,-10.7718381862636,0.266017161767729,-6.47695901465278,-1.49439601494396,2.38793750426418,-3.03591262495372,-3.27978398428975,1.11327581408294,-5.00822909809084,-4.5332688527003
2009-03-01,0.157450239782708,1.99360378211144,2.48630425621574,2.95189163942082,-2.80645899356925,1.33969118982742,0.884955752212391,1.4915261766731,0.731831487845236,0.882647378142476,0.623910450500054,4.41464386575878,-1.6562599799575
2009-04-01,0.157202723717265,1.95463608322968,2.42598684210527,2.867253425279,-2.88749536698489,1.32198073045038,0.877192982456143,1.46960660939979,0.726514625055263,0.874924876657968,0.620041944013838,4.22799303078072,-1.68415394779572
2009-05-01,0.156955984634388,1.91716253259342,2.36852669610599,2.78733350974685,-2.97335073160415,1.30473241928351,0.869565217391299,1.44832197394531,0.721274460612165,0.867336335296165,0.616221114635263,4.05648512250649,-1.71300356496086
2009-06-01,0.841981952299875,-1.56457564575646,0.0748663101604263,0.1258617237335,-0.384852544066694,1.22555898587333,-0.194991789819399,4.13730054958488,0.286443738713493,-0.951910001236245,0.540394487976226,3.27106378421382,0.73584796338142
2009-07-01,0.834951808759721,-1.58944369470685,0.074810302447359,0.125703511127617,-0.386339381003198,1.21072088724583,-0.195372750642664,3.97292855465841,0.285625582117355,-0.961058412381433,0.537489922063972,3.16745433265679,0.730472794202242
2009-08-01,0.828038089752137,-1.61511503885419,0.0747543784707316,0.125545695779938,-0.387837750969589,1.19623778650351,-0.195755202967229,3.82111825634481,0.284812085938957,-0.970384373030875,0.534616412723876,3.07020693022388,0.725175583851989
2009-09-01,0.883036767563561,2.20088448367834,2.79230249350833,7.91371006810864,2.2446652899673,5.16453107140709,1.84783730773201,-3.9395916669031,2.16706797555102,3.92947032040951,0.239298059026849,-3.22675026123302,2.25623582766441
2009-10-01,0.875307480679943,2.15348868534482,2.71645096546473,7.33336854336113,2.19538621756097,4.91090581471842,1.81431177782283,-4.10116065012157,2.12110224800579,3.78090094012324,0.238726790450938,-3.3343411221008,2.20645304357465
2009-11-01,0.867712329746873,2.10809118030033,2.64461139372707,6.83232869971708,2.14822439526507,4.68102508178845,1.78198108511698,-4.27654878612123,2.07704597905201,3.64315679077085,0.238158242921416,-3.44935436307582,2.15881970058582
2009-12-01,-1.75755459496775,-2.4681194511703,-4.37836418537483,-8.32987886324905,1.23492245835726,-5.0420605776493,-0.322769953051638,1.85095818721916,-2.75942028985507,-3.80095877762178,0.290390707497368,-3.77620435929474,-4.29860889880005
2010-01-01,-1.78899719741475,-2.53057711722746,-4.57884258941442,-9.08679814093705,1.21985815602836,-5.30978305586792,-0.32381513099794,1.81732034745985,-2.83772505067366,-3.95113997948826,0.289549881547768,-3.92439763381908,-4.49168904374069
2010-02-01,-1.82158530751472,-2.59627793248657,-4.79856115107913,-9.99502597546149,1.20515695067265,-5.60753077480086,-0.324867099822801,1.7848833000693,-2.92060375506198,-4.11367712083669,0.288713910761151,-4.08469740201232,-4.70293003694496
2010-03-01,1.32632250920841,2.63584540557502,1.41313383208643,3.10705842620738,-2.1649249126694,1.95157875356715,1.33333333333334,0.777225761224054,1.37782834028568,2.8168008680258,0.095960917735316,7.27867369483153,3.58057201375175
2010-04-01,1.30896145874424,2.56815286624203,1.3934426229508,3.01342941369145,-2.21283104319886,1.91422121896163,1.3157894736842,0.771231550931528,1.35910224438902,2.73963092047711,0.0958689210388775,6.78482819011788,3.4567988418488
2010-05-01,1.29204903484996,2.50385016642656,1.37429264349234,2.92527821939588,-2.26290531447578,1.87826703286966,1.29870129870129,0.765329091509348,1.3408783368188,2.66657656440059,0.0957771005659636,6.35373798423715,3.34129692832765
2010-06-01,0.849880674417047,-1.24234640301137,-0.511091779034367,0.519560760524618,-0.28317719618205,0.658028234339203,0.104463437796776,3.18897559619546,1.389900461277,-0.82145254926741,0.252261656228248,2.33883058470765,0.666028160331145
2010-07-01,0.842718572132783,-1.25797480778668,-0.513717346158049,0.516875279392059,-0.283981366653818,0.653726529201704,0.104354425576303,3.09042276829528,1.37084705178092,-0.828256281607131,0.251626898047719,2.28537943158511,0.661621574331273
2010-08-01,0.835676173813171,-1.27400142476102,-0.51637002856515,0.514217416682872,-0.284790117521627,0.649480701553617,0.104245640636846,2.99777873182385,1.35230896421401,-0.835173659907651,0.250995326293935,2.23431681466628,0.657272914923901
2010-09-01,0.9253078178312,1.95663847496308,4.41744892324683,8.73292406393453,3.21448035886469,3.72960372960371,1.9786045630976,-5.08617408796825,3.95035832896347,4.34060817103292,0.414400414400418,-1.80389331412028,0.781418641799414
2010-10-01,0.916824370257396,1.91908884426744,4.23056583818087,8.0315361139369,3.11436956102318,3.59550561797752,1.94021537318976,-5.3587283402549,3.80023541281318,4.16003725406495,0.412690224400314,-1.83703140073644,0.775359835503764
2010-11-01,0.908495066088921,1.88295329759061,4.05885337392187,7.43443664955978,3.02030606818586,3.470715835141,1.90328749658502,-5.66214743977727,3.66110481127491,3.99388994448791,0.410994091959926,-1.87140978614436,0.769394261424017
2010-12-01,-1.33874605322508,0.038040893961,-2.35332358199253,-8.87457270575862,0.0420597822450297,-4.28235414429616,-1.57283288650581,4.15958254472353,-3.12027921029328,-3.55270542996694,0.707768397714692,-3.91717094776636,-2.85159875137097
2011-01-01,-1.35691165444469,0.0380264283677212,-2.41003961252954,-9.73885442216129,0.0420420994295512,-4.47394428269986,-1.5979662248048,3.99347082918415,-3.22077642757286,-3.68357188846515,0.702794242167637,-4.07686887074991,-2.93530178028658
2011-02-01,-1.37557701933595,0.0380119737717344,-2.46955691237166,-10.789641943734,0.0420244314763174,-4.68348059501174,-1.62391585163313,3.84011688170665,-3.32796266459247,-3.82444818676162,0.697889514840666,-4.25014156935367,-3.02406728102352
2011-03-01,0.563786107687325,0.32456223678794,2.58105130626378,4.23759182942125,-2.04162489856319,0.396022177241928,0.196961170512089,0.610329977469126,-0.959770114942538,0.997139572807226,0.392451569806274,5.48735654231003,1.0805886151859
2011-04-01,0.560625379680491,0.323512238231261,2.51610923596195,4.06532015470562,-2.0841759537651,0.394460028050481,0.196573996068516,0.606627547693961,-0.969070968490693,0.987294865007926,0.390917408300773,5.20190923554815,1.06903672603225
2011-05-01,0.557499893784263,0.322469011514515,2.45435498353785,3.90650809382229,-2.12853844010034,0.392910154544657,0.196188340807169,0.602969766983175,-0.978553849759745,0.977642649332977,0.389395194697606,4.9446909028058,1.05772921229088
2011-06-01,0.82705843674864,0.288505260517113,0.441458110169779,0.413321675542488,-0.0620363166699778,0.191337623934595,0.559440559440549,3.26658264482098,1.01781170483459,-1.55609198982506,0.701493769084749,3.05650485170392,-0.263619405069082
2011-07-01,0.820274289036682,0.287675302137225,0.43951782309406,0.41162035937623,-0.0620748256053516,0.190972222222219,0.556328233657855,3.16325239119823,1.00755667506298,-1.58068896418072,0.696607113587921,2.9658533986789,-0.264316193846825
2011-08-01,0.81360053304862,0.286850105230352,0.437594517198114,0.409932991722517,-0.0621133823791475,0.190608213481203,0.553250345781464,3.06625888373806,0.99750623441397,-1.60607603075521,0.691788068690502,2.88042423850481,-0.265016675837437
2011-09-01,1.26749766483074,2.10169596915852,2.77430722409098,8.74617256810866,2.528872654654,4.28629078750145,1.86153140761116,-5.23330952623882,5.02440424921045,3.35171193247565,0.79211121888132,-2.46536421010284,6.32325620672183
2011-10-01,1.25163324270721,2.05843394588998,2.69941710046446,8.04274059634684,2.46649805969483,4.11011912988197,1.82751170327693,-5.52230905192138,4.7840349917988,3.24301539839562,0.785886126704094,-2.52768074657456,5.94719954252312
2011-11-01,1.23616104019471,2.01691704086047,2.62846389656113,7.44403608419646,2.40712633533928,3.94785748420328,1.79471311113077,-5.84509316062373,4.56561440125229,3.14114750124397,0.779758115849782,-2.59322930441681,5.61336171999161
2011-12-01,-1.64120398813935,-1.3745704467354,-3.73229231360719,-9.15272508655183,1.22688637924095,-4.16315480295253,-1.23328122285913,2.84123574086961,-3.06387225548903,-4.18846872255415,0.536870361597974,-4.27374794661889,-4.53233392956854
2012-01-01,-1.66858893630767,-1.39372822299652,-3.87699302632792,-10.0748482497376,1.21201631614398,-4.34400234522827,-1.24868097080549,2.76273979051429,-3.16071244723567,-4.37157058937449,0.53400345531649,-4.46455163024209,-4.7475067906497
2012-02-01,-1.69690327664156,-1.41342756183745,-4.03336635878423,-11.2035932702312,1.19750239176954,-4.54127545761011,-1.26447016918966,2.68846451169582,-3.26387412290027,-4.57141314180021,0.531167005155453,-4.67318854564077,-4.98412863610346
2012-03-01,0.932743270410685,-0.192175703500341,-0.0899190728344434,3.15786465477823,-1.38748070406197,1.44470711846598,2.35389610389611,0.801130132530337,-0.494559841740849,1.11483666511041,1.04895104895104,6.06244646889356,2.84130739572379
2012-04-01,0.924123570001223,-0.192545729610782,-0.0900000000000012,3.06119622129264,-1.40700259355315,1.42413257379597,2.29976209357652,0.794763046284341,-0.497017892644136,1.10254508821761,1.03806228373702,5.7159217713044,2.76280754073917
2012-05-01,0.915661724186556,-0.192917183409125,-0.0900810729656643,2.97027041556905,-1.42708166965737,1.40413581822822,2.24806201550387,0.788496368526004,-0.499500499500505,1.09052159592578,1.02739726027397,5.40686934903682,2.68852866796567
2012-06-01,0.884241004247865,-0.377375857149431,0.260468843919059,1.32873887279088,-0.558510131335666,-0.436388049681102,1.81113638278159,3.74827561170405,1.09883980365908,1.65920571686722,0.821092278719382,3.47985347985347,-1.80564807525385
2012-07-01,0.876490713956635,-0.378805377188529,0.259792166266992,1.31131492168177,-0.561646986658493,-0.438300741739717,1.77891775608141,3.612855818185,1.08689655172414,1.63212539894153,0.814405260011952,3.36283185840707,-1.83885125759337
2012-08-01,0.868875104351119,-0.380245768606535,0.259118995415597,1.29434202161476,-0.564819277108419,-0.440230274297326,1.74782538005041,3.48687987572187,1.07521012989849,1.60591485471242,0.8078262802935,3.25342465753427,-1.87329842931936
2012-09-01,1.11487188622665,3.77197473971667,3.2836315440689,8.05091128181956,3.0010468768175,3.8860544217687,4.23457973793542,-5.42610994174947,3.79070144176252,2.97458367565169,3.67593001029258,-2.15469415512366,2.74460842377093
2012-10-01,1.10257953694595,3.63486842105263,3.17923711141768,7.45103505959435,2.91360813099943,3.7406892035688,4.06254790740457,-5.73742915556016,3.65225534571563,2.88865812268884,3.54559636930933,-2.20214361488094,2.67129192069213
2012-11-01,1.09055529739777,3.50737978098716,3.08127604004726,6.93435391800727,2.83112037748272,3.60580716427332,3.90394814378316,-6.08664616736218,3.52356572805301,2.80755738814698,3.42418846733326,-2.25172994202356,2.60179050123919
2012-12-01,-1.22854269913093,-2.21348721808704,-2.34669562332218,-8.41977555353352,1.43216661331056,-4.11240575736807,-0.694739827023971,2.35331949600959,-3.78666666666667,-3.60007662284798,0.840948218778959,-4.3597494866006,-1.71946325928994
2013-01-01,-1.24382360319809,-2.26359152721156,-2.4030888030888,-9.19387957872425,1.41194520547945,-4.28877769835597,-0.6996002284409,2.2992116988461,-3.93569844789357,-3.73452228666526,0.833935255105378,-4.55848815033143,-1.74954606101342
2013-02-01,-1.25948943000832,-2.3160166846542,-2.46225907522865,-10.1247355751696,1.39228687766377,-4.48095593726662,-0.704529115744057,2.24753608621604,-4.09694171956145,-3.87939931881514,0.827038291221682,-4.77621117057697,-1.78070023177691
2013-03-01,0.652505434438111,0.407596524231835,-0.804698400337467,3.95801206612019,-2.24370862056469,1.52318072568269,2.58470894874023,2.24273205541294,-1.18695985121979,2.32199181263002,0.600658787056774,6.06207351970063,-0.371121160143462
2013-04-01,0.648275402208576,0.405941919079278,-0.811226325602687,3.80731796179667,-2.29520636360466,1.50032801848312,2.51958500952785,2.19353690020476,-1.20121782452255,2.26929887846792,0.597072419106315,5.71559023742321,-0.372503599824703
2013-05-01,0.644099861242498,0.404300693086901,-0.817861029581501,3.66767780591142,-2.34912359791287,1.47815090628074,2.45766212308964,2.14645364740318,-1.21582250112057,2.21894439812735,0.593528623396522,5.40657269621894,-0.373896377289717
2013-06-01,1.37235612995084,0.597371565113503,2.03158769742311,1.52592377635905,-0.725849948349477,-0.168923596687998,1.53194920378956,4.45598594552183,0.328966025750099,0.134261873392294,0.501205430782892,3.2791973975018,1.04600311172784
2013-07-01,1.3537774816949,0.593824228028494,1.99113602294205,1.50298930519497,-0.731157051429621,-0.169209431345341,1.50883462378399,4.26589812463769,0.327887387642023,0.134081852585144,0.498705889779671,3.17508024862043,1.03517514747347
2013-08-01,1.33569514164324,0.590318772136955,1.95226379525195,1.48073403106959,-0.736542332631418,-0.169496234960687,1.48640719734012,4.09136467566638,0.326815799853497,0.133902313882039,0.496231155778903,3.07737124213472,1.02456906316288
2013-09-01,0.732336980383197,1.51422940937807,2.44766202833144,8.56283963463984,2.78766809647966,4.63705188154084,3.07059805999872,-6.54389805390687,5.48160629036787,3.24560087982402,0.931308206762904,-2.40557986005133,3.24231212223141
2013-10-01,0.72701279681997,1.49164251966256,2.38918290556458,7.88744994461956,2.71206473315757,4.43155822737671,2.97912122156436,-7.0021089234831,5.19674138757253,3.14357304540447,0.922714887292542,-2.46487438175437,3.14048770855957
2013-11-01,0.721765469493718,1.46971955781836,2.33343292500747,7.31081321198004,2.64045391376702,4.24350483953133,2.89293711795677,-7.52932011944432,4.94002125828821,3.04776434690766,0.914278701601523,-2.52716584525859,3.04486412497249
2013-12-01,-1.53308587663826,-1.26269976575603,-3.12691600245248,-10.5879972035177,0.761064541722711,-4.09763964228119,-2.44103288041879,2.60586319218241,-5.16567790478947,-3.54755315635429,0.84519031983461,-4.33251702669445,-2.00832311522314
2014-01-01,-1.55695533904673,-1.27884777359762,-3.22784810126582,-11.8418074445976,0.755316098717462,-4.27272032408469,-2.50211021343303,2.53968253968253,-5.44705523344522,-3.67803334435364,0.838106722942422,-4.5287247997351,-2.04948336335197
2014-02-01,-1.58157983066153,-1.2954141485958,-3.33551340745586,-13.4324526188031,0.749653842559961,-4.46343021398914,-2.56632242903964,2.47678018575852,-5.76085202517347,-3.81847824754528,0.83114087538867,-4.74354698859467,-2.09236605760297
2014-03-01,1.04535181702681,0.0345751577491615,-0.554159417488242,5.49489066839224,-1.82456672863787,1.08650229837024,0.317339426250296,1.75625933256935,-1.16438356164383,2.10547781091484,0.676036292474658,6.42496043916032,2.9802502817152
2014-04-01,1.03453726295071,0.0345632074656432,-0.557247456748533,5.20867942852763,-1.85847586085478,1.07482430756511,0.316335568771353,1.72594722338348,-1.17810117810118,2.06206156227375,0.671496730871168,6.03708041106885,2.89400178535433
2014-05-01,1.02394417886853,0.034551265440097,-0.560370104906482,4.95080772500911,-1.89366924668891,1.06339468302659,0.315338042381441,1.6966637033061,-1.1921458625526,2.02039967712742,0.667017728629093,5.69336725196998,2.81260494794582
2014-06-01,1.06829023495398,-0.499381170307689,0.737173186553952,-0.111103395597523,-0.25644113226565,0.79050317010656,-1.1693700490381,3.88018836025963,1.36030281523538,0.871514541226115,0.755594303981399,2.45500334613082,0.302147698505584
2014-07-01,1.05699842400673,-0.50188750198874,0.731778710118069,-0.111226972540845,-0.257100443554148,0.784303228224204,-1.18320610687023,3.73525348914752,1.34204691329209,0.863984788163275,0.749927891548907,2.39617711771176,0.301237516283104
2014-08-01,1.04594282483221,-0.504419118502153,0.726462611390932,-0.111350824692047,-0.257763153765811,0.77819978221032,-1.19737350328312,3.60075612052011,1.32427452786734,0.8565840324253,0.744345834526183,2.34010407923451,0.300332801212155
2014-09-01,1.01119843316704,1.82774490466797,2.53550020835336,9.32673773194919,2.30249260667512,5.42114695340503,1.92207453739901,-6.06329226132435,3.94362995794977,2.63904952160656,0.807047456663823,-2.17067996413184,4.65066091178852
2014-10-01,1.00107557266145,1.79493801652892,2.47280230086284,8.53106744556558,2.2506710716498,5.14237144071397,1.88582752668924,-6.4546569783901,3.79400830964356,2.57119442737144,0.800586344928678,-2.21884396552688,4.44398618343043
2014-11-01,0.991153378303666,1.76328808829127,2.41313035785107,7.86048423401382,2.20113085621971,4.89086499595797,1.85092232400554,-6.90003026329062,3.65532497629832,2.5067412363927,0.794227865093133,-2.26919383602359,4.25489905720915
2014-12-01,-1.73378314899432,-2.13025291559323,-3.77420315758118,-10.0386520768686,1.32595105668294,-4.26385583134988,-1.16429495472187,1.23072199949434,-3.5619918699187,-2.85355503594006,0.860107652183562,-3.94310512217659,-4.18619699193536
2015-01-01,-1.76437356047108,-2.17662043589019,-3.92223632479956,-11.1588502269289,1.30859966558932,-4.45375763602784,-1.17801047120419,1.21575938132743,-3.69355603561832,-2.93737463784267,0.852772887323949,-4.10496833901609,-4.36909595539487
2015-02-01,-1.79606281796063,-2.22505135846762,-4.08235597370794,-12.5604522852667,1.29169652912868,-4.66136346740019,-1.19205298013245,1.2011562119957,-3.83521172994856,-3.02626745040411,0.845562162457036,-4.28068927859401,-4.56870715491404
2015-03-01,0.78739975582176,0,-0.191474352514365,5.53867726104229,-1.81499136777329,0.985132044083992,0.165964509128047,1.63013662843856,-0.517722023098366,2.24937254344839,0.89797684734394,5.88898617633791,0.973730044851129
2015-04-01,0.781248209329144,0,-0.191841680129246,5.24800708591675,-1.8485422500412,0.975521865589069,0.165689523323986,1.60398940955711,-0.520416333066465,2.19988884772138,0.889984988205006,5.56147186689555,0.964339976762907
2015-05-01,0.775192035433436,0,-0.192210419828021,4.98632442667788,-1.88335689802014,0.966097374458319,0.165415447257922,1.57866774609761,-0.523138832997982,2.15253546018943,0.882134126899792,5.26846752753511,0.955129283254696
2015-06-01,1.03823915722197,-0.119850852272729,0.537198459355359,0.449788465820511,-0.247581907278649,0.903834986997887,-0.133384146341464,4.3693390783127,1.60078594544613,0.0188536953242835,0.906026127265047,2.5108517954789,-1.18809624017957
2015-07-01,1.02757051773874,-0.119994666903689,0.534328057263833,0.447774428090097,-0.248196396651279,0.895738984662353,-0.133562297271517,4.1864201851793,1.57556452989023,0.0188501413760589,0.897891000208828,2.44935219198872,-1.2023816918531
2015-08-01,1.01711890375342,-0.120138827089078,0.531488166867233,0.445778346647829,-0.248813943894388,0.887786732796036,-0.133740924722969,4.0182013910627,1.55112554597379,0.0188465887674516,0.889900662251675,2.39079324523077,-1.21701485566472
2015-09-01,0.810339073007116,1.84879939412839,3.06566916043225,9.26487389050004,1.81798599892298,6.33188309613351,3.02914354951851,-6.17871141057823,4.89109456851391,2.33099457985568,0.943589743589746,-2.3989263546385,4.81347117281761
2015-10-01,0.803825362019928,1.8152392616569,2.97448140142595,8.47927935173829,1.78552539719479,5.95483020874268,2.94008417925229,-6.58561772437101,4.66302176427296,2.27789692597646,0.934769355821974,-2.45788930904089,4.59241652714766
2015-11-01,0.797415533719215,1.78287580014607,2.88856167173157,7.8164967562558,1.75420364558436,5.62015926693575,2.8561120798509,-7.049896990101,4.45527148525793,2.22716441620334,0.926112341453611,-2.51982378854625,4.39077390085509
2015-12-01,-1.20028204224224,-0.589509820473866,-4.24773910660455,-10.2841817525401,1.71905958289926,-5.61855776579704,-1.33286566117152,3.48506144808449,-1.92825543373726,-2.96494281452014,0.992419708757231,-4.22202639190167,-3.63325785563898
2016-01-01,-1.21486383468768,-0.59300564699889,-4.4361763022324,-11.463064098879,1.69000734960421,-5.95303232584097,-1.35087095627444,3.36769520094726,-1.96616817847513,-3.0555377618346,0.982667522591463,-4.40813919197878,-3.77024041156878
2016-02-01,-1.22980428214896,-0.596543181753462,-4.64210841569332,-12.9472112200506,1.66192076650566,-6.32985036419911,-1.36936936936937,3.25797648327213,-2.00560168050414,-3.15184353112198,0.973105134474328,-4.61141686616154,-3.91795680223441
2016-03-01,0.887817582356676,0.701814692275726,0.900335008375208,4.74130429377688,-1.55783208823312,0.3229733422772,0.274022652539285,0.790426781519193,0.627775225845961,1.55215937777171,0.837812969151042,5.91842278883843,1.52390633638293
2016-04-01,0.880004745500562,0.696923580195996,0.892301307325161,4.52668059248005,-1.58248454019156,0.321933582625489,0.273273820368014,0.78422803311724,0.6238587948874,1.52843562094798,0.830851983479031,5.58771801260443,1.50103201440428
2016-05-01,0.87232821580514,0.692100170906373,0.884409707939127,4.33064607698423,-1.60792978038324,0.320900496161558,0.272529069767447,0.77812575283065,0.619990926962055,1.50542615140286,0.824005715646581,5.29201512995801,1.47883423903639
2016-06-01,1.4282815067177,0.5162086717446,0.611620795107037,1.20151495363718,-0.52490229400235,1.04820255407101,0.416742163435413,4.27573128072734,1.57799819657349,-0.210784793072372,0.732237339380193,3.27598708061434,1.09061761871871
2016-07-01,1.40816889086612,0.513557642658768,0.607902735562305,1.18724996773778,-0.527672056732931,1.03732924245745,0.4150126308192,4.10040881824782,1.55348424323125,-0.211230033862131,0.726914599259021,3.17207046208834,1.07885147445848
2016-08-01,1.38861484855481,0.510933703575156,0.60422960725075,1.17331972962633,-0.530471205050997,1.02667919890103,0.413297394429479,3.93889790135871,1.52972027972027,-0.211677159598023,0.721668684235044,3.07454376739871,1.06733649890263
2016-09-01,0.905335225572967,1.91731244733606,3.61361361361361,8.89323080801714,2.23381570502867,6.20243803525846,3.07205917442137,-6.00789564750666,6.07452049552781,3.21032201629217,0.600933758609523,-1.92153803064858,3.47287589794403
2016-10-01,0.897212445257822,1.8812431384774,3.48758574050816,8.1669271285524,2.18500668259689,5.84020305936792,2.98049655651369,-6.39191524532272,5.72665374036161,3.11046604019449,0.597344116160459,-1.95918450602237,3.35631523508571
2016-11-01,0.889234126011784,1.84650587343187,3.37005227781926,7.55029965753424,2.13828501218765,5.51794392920055,2.89423401146454,-6.82837947392501,5.41647119034419,3.01663464403508,0.593797104097216,-1.99833558722563,3.24732477880205
2016-12-01,-1.73699396042888,-1.33234060895805,-2.95914988410246,-10.1447833225534,0.206441598758245,-4.82109455137875,-2.04817302965754,3.54164512905337,-6.56633086539629,-2.21317933834018,0.485855696317472,-3.34362958952966,-4.01037927733908
2017-01-01,-1.76769878150213,-1.35033162556097,-3.04938577987345,-11.2901439645626,0.206016295424272,-5.06529732471155,-2.09100033456006,3.42050304941466,-7.02779942842296,-2.26326955244583,0.483506552191604,-3.45929562152011,-4.17793012113894
2017-02-01,-1.79950867441274,-1.36881516969282,-3.14529805138706,-12.7270457524499,0.20559274087586,-5.3355592654424,-2.13565692807107,3.30737421358349,-7.55903311443342,-2.31567962431515,0.481180015289828,-3.58325086168652,-4.36009170582592
2017-03-01,0.865635176555757,1.84225206471011,2.32243145028079,4.20779096934152,-1.66103603603605,1.40142964635064,0.715782122905018,-0.482832200235195,0.866586054010465,2.09174625558191,0.322234156820622,5.7999740440543,1.55645661727828
2017-04-01,0.858206241442439,1.80892706844265,2.26971878733091,4.03788520052162,-1.68909247065558,1.38206103329932,0.710695094470437,-0.4851747803019,0.859140859140872,2.04888870285882,0.321199143468953,5.48201839977696,1.53260232694399
2017-05-01,0.850903732501451,1.77678630011155,2.21934587700467,3.88116808866215,-1.71811298776937,1.36322049405306,0.705679862306363,-0.48754020240781,0.851822503961963,2.00775209696276,0.32017075773747,5.19711177596178,1.50946818245523
2017-06-01,0.865796828416787,-1.26484353846749,0.636214830600079,1.00548252577211,-0.362455606291223,1.06056503294523,-0.415883324787791,3.95894080553778,1.14908662345314,0.168878166465625,0.146276595744688,2.34154381098817,-1.40824481044732
2017-07-01,0.858365130342054,-1.2810467758364,0.632192726714731,0.995473216531151,-0.363774126005167,1.04943509132316,-0.417620137299768,3.80817731968166,1.13603262452666,0.168593448940269,0.146062939848624,2.28796999126055,-1.42835961053724
2017-08-01,0.851059928675979,-1.29767054248184,0.628221158244657,0.98566122304995,-0.365102273610007,1.03853632667492,-0.419371517205713,3.668475276234,1.12327188940091,0.168309689829282,0.145849907186424,2.2367928422629,-1.44905736060971
2017-09-01,1.00598744333746,2.55843250777312,3.39121738339849,7.65832408663132,2.23434114634626,6.20653457551503,1.78839275412483,-5.15895718997873,5.64891294028291,2.733437349976,-0.0353060594024512,-2.72214240776736,4.50691087933519
2017-10-01,0.995968129019875,2.49460960470433,3.27998593035526,7.1135457026702,2.18550941033391,5.84383493946132,1.75697120834277,-5.43958294544779,5.34687275341481,2.66070854873097,-0.0353185289832747,-2.79831656981796,4.31254817639661
2017-11-01,0.986146424922185,2.43389346456895,3.17581949765857,6.64112615823238,2.1387664679126,5.52118594607214,1.72663473320709,-5.7524946641359,5.07549262134268,2.59174964438122,-0.0353310073753388,-2.8788766522011,4.13425637834473
2017-12-01,-1.46467676910287,-1.33552394110251,-4.06832810694834,-9.57942754022758,1.1433252189162,-6.07485250737464,-2.35983355234342,3.75040738048082,-5.55284948855333,-3.15576384459666,-0.242986525292699,-4.27914110429448,-2.70625583566759
2018-01-01,-1.48644843400036,-1.35360161473447,-4.24086021505377,-10.5943009202794,1.13040105853903,-6.4677593483168,-2.41686760500197,3.614836293343,-5.87931923671996,-3.25859748589754,-0.243578387953935,-4.47043742989905,-2.78153118570157
2018-02-01,-1.5088771142359,-1.37217540314845,-4.42867409270571,-11.8496930613257,1.11776582185679,-6.91500524658971,-2.47672681300999,3.48872460996712,-6.24657534246575,-3.3683587390854,-0.244173140954496,-4.67963770546796,-2.86111396283631
2018-03-01,0.894030057376671,0.059644209325227,2.26525049346744,4.29797411367474,-2.03197620375535,0.27730808251607,1.62630369453773,1.86282683972929,-1.76310150009743,1.33039278749449,-0.0756564307966223,6.18218077306587,1.51699917077215
2018-04-01,0.886107985644191,0.0596086562135723,2.21507352941177,4.12086059216294,-2.07412186651992,0.276541211385406,1.60027830927119,1.82876020381828,-1.79474467030242,1.31292571843136,-0.0757137130895646,5.82223940783295,1.49433019411878
2018-05-01,0.878325076997011,0.0595731454620996,2.16707130653717,3.95776655007125,-2.11805286411905,0.275778569987217,1.57507276151343,1.79591718504464,-1.82754442649433,1.29591136483436,-0.0757710821893354,5.50190530876444,1.47232874118259
2018-06-01,1.11795895091227,0.507364551784817,0.363785718476772,1.39364861777471,-0.313595058502103,2.56014667739914,0.0842743974380555,2.96078138449607,1.3370358942713,0.0284732449680858,0.0936705473036259,2.42145366384641,-0.00855338869709676
2018-07-01,1.1055988100541,0.504803358487638,0.362467114878706,1.37449301487158,-0.314581570762984,2.49623929015239,0.0842034355001742,2.87563997153379,1.31939510808889,0.0284651400190405,0.0935828877005385,2.36420552259862,-0.00855412036424585
2018-08-01,1.09350898769829,0.502267893293706,0.361158035766307,1.35585685707935,-0.31557430938236,2.435444761135,0.0841325929665127,2.795258403573,1.30221376339779,0.028457039682861,0.0934953920128212,2.30960178954025,-0.00855485215659479
2018-09-01,1.06390071806051,2.51663734414442,2.87306285913285,7.8847687400319,2.32913234124366,4.67202392076247,2.28648285137862,-5.2764656304514,6.58063878176602,3.43839822635548,0.275776176496745,-1.46961142477582,4.02190229522987
2018-10-01,1.0527010243039,2.45485748395762,2.79282329045361,7.30850965536358,2.276118528472,4.4634886627388,2.2353714661407,-5.57038508494216,6.17432852437725,3.32410235010718,0.275017743080208,-1.49153113676582,3.8663994855767
2018-11-01,1.04173467273352,2.39603816182361,2.71694384982712,6.81074565179955,2.22546432267896,4.27277388480602,2.18649517684888,-5.89898104525035,5.81527437958755,3.21716063774129,0.274263469875269,-1.51411462788709,3.72247377855206
2018-12-01,-1.99175766292943,-1.85988620199147,-3.89815111681094,-9.6590084643289,0.295524172457595,-3.6332841610665,-1.99286763163415,2.58637418593639,-5.39246046492424,-3.61487568029025,0.476442562202228,-4.66429253886911,-3.61317009522224
2019-01-01,-2.03223485641071,-1.89513352900678,-4.05627067752787,-10.6917228825356,0.29465340043433,-3.77026873795215,-2.03339041095891,2.52116736404842,-5.69982106227905,-3.7504497771873,0.474183350895685,-4.89249271137027,-3.74861389132907
2019-02-01,-2.07439136070126,-1.93174263130679,-4.22776006954505,-11.9717043342725,0.293787744854068,-3.91798739173982,-2.07559536814507,2.4591676322762,-6.04433748322303,-3.89658940587796,0.471945464079715,-5.14417089759556,-3.89460769645102
2019-03-01,1.17678576941731,0.654087102808432,1.14973828325919,5.25515300099881,-1.28687975173406,1.63110129997548,-0.0223114680945935,1.94921663965424,-0.211812225998731,2.58136588966356,0.482776617954062,6.17383693529927,0.0692790310276692
2019-04-01,1.16309859071746,0.649836605383314,1.13666955819449,4.99277503396813,-1.30365623991776,1.60492337395921,-0.0223164472216153,1.91194861903046,-0.21226182248989,2.51640818707763,0.480457083495645,5.8148383005707,0.0692310684142994
2019-05-01,1.14972614216089,0.645640993865793,1.12389459051787,4.75535105377758,-1.32087592128719,1.57957244655582,-0.0223214285714257,1.87607895338922,-0.212713331684378,2.45463943926476,0.478159731196692,5.49529573919818,0.069183172165066
2019-06-01,0.797661271005712,-0.00123128447597765,0.541078061478162,0.800047061591869,-0.695664232227045,-0.717097314782345,-0.625139540075925,2.86641759049426,0.599841364267273,-0.0509160255876218,0.518756698820999,2.5221540558964,-0.324703067589516
2019-07-01,0.791348986620943,-0.00123129963676138,0.538166162438913,0.793697111175962,-0.700537621895869,-0.722276741903838,-0.629072118625018,2.78654361417088,0.596264721825279,-0.0509419632106267,0.516079501833988,2.46010638297873,-0.325760822974719
2019-08-01,0.785135822247973,-0.0012313147979337,0.53528543734267,0.787447165769217,-0.705479773121453,-0.727531532956371,-0.633054487904128,2.7110004054915,0.592730479082992,-0.0509679272734043,0.513429795901055,2.40103828682674,-0.326825492388394
2019-09-01,0.341690036311015,2.55870365581865,2.80895642663903,6.21589015913138,2.15390062551635,4.02477396741943,1.03526734926052,-5.53894936050483,3.82761139517895,2.34201157098353,0.519250253292802,-2.73729052246162,3.49939990116019
2019-10-01,0.340526491219517,2.49486739263545,2.73220984267399,5.85212829249824,2.10848593379931,3.86905331674166,1.02465938520437,-5.86373888815179,3.68650626143239,2.28841658966137,0.516567972785698,-2.81432682388288,3.38108231014098
2019-11-01,0.339370843593634,2.43413885602504,2.65954547931768,5.52858821726023,2.06494682054763,3.72493364789148,1.01426660722248,-6.22899063431547,3.55543493011263,2.23721968328197,0.513913261469034,-2.89582479794405,3.27050388193635
2019-12-01,-2.59828182337264,0.172676020904072,-3.23034453469235,-12.1741796994787,0.585702935905252,-3.78662686354994,-1.00408253337747,-0.848476649982721,-5.11510068579916,-3.53968501481366,0.735752587604432,-7.80929367316803,-4.77346622935924
2020-01-01,-2.66759341828131,0.172378364802861,-3.33817922484023,-13.8617318435754,0.58229243203527,-3.93565545007942,-1.01426660722248,-0.855737381852917,-5.39084798821472,-3.66957646298093,0.730378806635312,-8.47080360300389,-5.01274806542514
2020-02-01,-2.74070426486542,0.172081733125173,-3.45346197502837,-16.0924199432509,0.578921416439915,-4.09689512640584,-1.02465938520436,-0.863123451882197,-5.6980195610919,-3.80936398724618,0.725082954405809,-9.25475578990431,-5.27728507071437
2020-03-01,-6.30797998196683,1.15927189988623,6.85124768538929,-2.26036104754641,-1.53647819297673,-0.284660412156212,-8.59499431171786,-18.590321958743,-1.16615067079464,-5.56815538497325,-0.280624694973153,-25.6981491221479,-4.36241610738255
2020-04-01,-6.73267582527596,1.14598679697251,6.41194916652914,-2.31263494706173,-1.56045423196219,-0.285473040890993,-9.40319870558218,-22.8355183388906,-1.17991020152447,-5.89648058626104,-0.28141441331212,-34.5861493603897,-4.56140350877193
2020-05-01,-7.21868659238382,1.13300273521761,6.02559131446296,-2.36738389433319,-1.58519040268557,-0.28629032258064,-10.3791729633191,-29.5933023164459,-1.19399830938294,-6.26595118120542,-0.282208588957056,-52.8728228382974,-4.77941176470589
2020-06-01,7.11641376633652,-1.2071638246644,-0.377901306807105,9.06090609060906,-0.502518301944976,5.9525253750657,8.17812523951864,36.8204484430031,2.19227890065232,4.30295202522659,0.512694311143913,110.584440435187,4.62367129033796
2020-07-01,6.64362586098173,-1.22191433245418,-0.379334818041666,8.30811554332875,-0.505056302299156,5.61810617915346,7.55986963298854,26.911509837904,2.14524905818334,4.12543647296377,0.510079164286292,52.513110753414,4.41933573283519
2020-08-01,6.22974491662747,-1.23702977659107,-0.380779246302743,7.67081534163068,-0.507620069451653,5.31926426480687,7.0285224952243,21.2049402550457,2.10019465218727,3.96198720764542,0.507490560675583,34.4318665418334,4.23229634800821
2020-09-01,0.89031722356343,2.00540707025769,3.05787773421122,8.12155525531322,2.04663783207133,4.33007376908561,6.35155096011817,-7.19587765516785,3.21593417619908,4.59524913690934,0.739214735821614,-7.18355872967634,3.07840428649169
2020-10-01,0.882460525513618,1.96598114536854,2.96714603622792,7.51150428435416,2.00559065497024,4.15036011444734,5.9722222222222,-7.75383406830802,3.11573421474747,4.39336315447219,0.733790448694815,-7.73953259935334,2.98646870583648
2020-11-01,0.874741279025848,1.92807554371073,2.88164346633821,6.98669815323876,1.96615758223886,3.98496952856104,5.63564875491482,-8.40558953317333,3.02158951635714,4.20846979321021,0.728445187485072,-8.38878537840475,2.89986514089229
2020-12-01,-2.92386800459289,-0.370143215296403,-4.76384088906959,-11.5916537334023,0.737066736586023,-6.22665573471805,-4.94727047146404,-0.929741151611208,-4.49782658430566,-4.24410390174981,0.707370084963443,-9.22796313334302,-4.1302615040314
2021-01-01,-3.01193294839066,-0.37151836531919,-5.0021346235947,-13.1114925489584,0.731673812295308,-6.64011269247583,-5.20476423560122,-0.938466460488441,-4.70965887313146,-4.43221156574541,0.70240150682781,-10.16608578135,-4.30820149176172
2021-02-01,-3.10546754869128,-0.372903771314581,-5.26552318178414,-15.090019305886,0.726359232011498,-7.11238293444328,-5.49053356282272,-0.947357089030021,-4.94243048921513,-4.63776722090261,0.697502240579828,-11.3165343732061,-4.50216377884343
2021-03-01,3.52052866483235,-1.05434960013057,2.07938013915243,11.8681260575296,-1.15899584571424,5.27268993073058,2.39179263036484,7.38941419410932,1.0525759018301,3.38231936401188,0.704279854500411,27.8625954198473,4.28750142158534
2021-04-01,3.40080244009451,-1.06558458696225,2.03702269382697,10.6090326849904,-1.17258606954774,5.00860188354646,2.33592221497598,6.88095213998725,1.04161214341796,3.27166132934456,0.699354442053512,21.7910447761194,4.11123227917121
2021-05-01,3.28895169074224,-1.0770615892494,1.99635645969334,9.59147044998076,-1.18649878906364,4.76970628472986,2.28260239847056,6.43795924551172,1.03087443016991,3.16801462011043,0.694497443333586,17.8921568627451,3.94888446632451
2021-06-01,1.84310220065551,-1.19216162160948,-1.08159063282974,-1.52853327094421,-0.67032094937528,-1.41219712724283,1.02520532427075,7.88740914711716,0.492231964313183,1.27766628035164,0.519175382749726,15.1438888280994,0.348804762347688
2021-07-01,1.80974671905041,-1.20654559514198,-1.0934169278997,-1.55226008276081,-0.674844573930033,-1.43242580328673,1.01480152500562,7.31077816166832,0.489820909230065,1.26154790811912,0.516493873704049,13.1521429250214,0.347592343699299
2021-08-01,1.77757707623467,-1.22128090611906,-1.1055047034661,-1.57673511252338,-0.67942966817941,-1.45324242273429,1.00460676028196,6.81271563482124,0.487433358720479,1.24583115129131,0.51383992198637,11.623414798018,0.346388324404212
