item,item_id,description
1,210101,LARGE LOAF-WHITE-SLICED-800G
2,210102,LARGE LOAF-WHITE-UNSLICED-800G
3,210105,LARGE WHOLEMEAL LOAF-UNSLICED
4,210106,SIX BREAD ROLLS-WHITE/BROWN   
5,210107,"BROWN LOAF,400G,SLICED-GRAN"
6,210108,PITTA BREAD
7,210109,FRENCH STICK/BAGUETTE
8,210110,LARGE WHOLEMEAL LOAF (SLICED)
9,210111,WHITE SLICED LOAF BRANDED 750G
10,210112,BROWN SLICED LOAF BRANDED 400G
11,210113,WHOLEMEAL SLICED LOAF BRANDED 
12,210114,CHILLED GARLIC BREAD          
13,210201,FLOUR-SELF-RAISING-1.5KG      
14,210202,RICE-LONG GRAIN-WHITE-500G
15,210204,DRY SPAGHETTI OR PASTA 500G   
16,210205,MUESLI 500G - 1KG
17,210206,CORN FLAKES
18,210208,BREAKFAST CEREAL 4
19,210209,BREAKFAST CEREAL 1 NOT MUESLI
20,210210,BREAKFAST CEREAL 2 NOT MUESLI
21,210211,CORN SNACK SINGLE PACKET      
22,210212,BASMATI RICE 500G-1KG         
23,210213,BREAKFAST CEREAL 1            
24,210214,BREAKFAST CEREAL 2            
25,210215,CEREAL BAR                    
26,210216,HOT OAT CEREAL                
27,210217,RICE MICRO POUCH/TRAY 220-280G
28,210218,"POPCORN, BAG, 10-30G"
29,210301,CREAM CRACKERS PACK 200G-300G 
30,210302,PLAIN BISCUITS-200-300G       
31,210304,CHOC COATED BISCUITS-200-300G
32,210305,CHOC CTD BISCS-IND WRAPD 6-8PK
33,210306,FRUIT SCONES
34,210312,WHOLE CHOC CAKE-NOT FROZEN
35,210316,ICED BUN-EACH
36,210317,FRUIT PIES 4-6 PACK           
37,210318,FROZN CAKE/GATEAU NO ICE-CREAM
38,210319,DOUGHNUT-EACH                 
39,210320,WHOLE SPONGE CAKE NOT FROZEN  
40,210321,PACK OF 5-6 INDIVIDUAL CAKES  
41,210322,CHOCOLATE 11                  
42,210323,BISCUITS HALF CHOC 260-400GBISCUITS HALF CHOC 260-400GBISCUITS HALF CHOC 260-400G
43,210403,HOME KILLED BEEF-LEAN MINCE KG
44,210405,HOME KLLD BEEF-BRISKET NO BONE
45,210406,HOME KLD BEEF-RUMP/POPES STEAK
46,210407,HOME KILLED BEEF-STEWING STEAK
47,210413,HOME KILLED BEEF-TOPSIDE KG   
48,210414,FROZEN BEEFBURGERS PACK OF 4  
49,210415,H-KILLED BEEF BRAISING STEAK
50,210501,HOME KILLED LAMB-LOIN CHOPS KG
51,210502,HOME KILLED LAMB-SHOULDER KG  
52,210503,HK LAMB LEG (WITH BONE)
53,210504,"HOME-KILLED LAMB, CUT OR DICED"
54,210505,HOME KILLED MINCED LAMB KG
55,210506,HK LAMB LOIN CHOP/STEAK PER KG
56,210604,IMP LAMB LOIN CHOP-BONE PER KG
57,210606,FRZEN IMP LAMB: LEG (PER KG)  
58,210701,HK PORK LEG (FOOT OFF) KG
59,210703,HOME KILLED PORK-LOIN CHOPS KG
60,210705,HK PORK SHOULDER (BONELESS)
61,210706,H-KILL PORK-BONELESS SHOULDER
62,210802,BACON-GAMMON-PER KG           
63,210805,BACON-STREAKY-PER KG
64,210806,BACON - BACK - DANISH
65,210807,BACON - BACK - HOME PRODUCED
66,210808,BACON-BACK-PER KG             
67,210903,FROZEN CHICKEN PIECES
68,210904,FROZEN TURKEY- PER KG- SPECIFY
69,210905,FRESH/CHILLED CHICKEN  PER KG 
70,210906,FRZEN ROASTING CHICKEN PER KG
71,210907,FRESH/CHILLED CHICKEN PIECES
72,210908,COOKED MEAT-TURKEY-SLICED
73,210909,FROZEN CHICKEN THIGHS PER KG
74,210910,FRESH BONELESS CHICKEN BREAST 
75,210911,FRESH TURKEY STEAKS PER KG    
76,210912,FROZEN CHICKEN BREASTS        
77,210913,ROTISSERIE CHICKEN [WHOLE]    
78,211001,SAUSAGES-PORK-PER LB/454G.
79,211003,LAMBS LIVER-PER KG
80,211004,CANNED MEAT-CORNED BEEF
81,211005,COOKED MEAT-LUNCHEON MEAT
82,211007,CANNED MEAT-STEWED STEAK      
83,211008,GARLIC SAUSAGE-SLICED-100-113G
84,211009,COOKED MEAT-HAM NOT SHOULDER
85,211010,PORK PIE INDIVIDL APP 3IN/8CM 
86,211011,INDIVIDUAL MEAT PIE           
87,211012,LIVER PATE-100-135G OR 4OZ
88,211013,SALAMI-SLICED
89,211014,SAUSAGES-PORK-PER KG          
90,211015,COOKED HAM PREPACKED/SLICED
91,211016,COOKED HAM LOOSE SPECIFY TYPE 
92,211017,SALAMI SLICED 70-113G
93,211018,COOKED MEAT - SLICED TURKEY
94,211019,FROZ CHICKEN NUGGETS 220-600G 
95,211020,COOKED HAM PREPACKED SLICED
96,211021,CHICKEN KIEV 2 PACK 250-300G
97,211022,OVEN READY JOINT
98,211023,COOKED HAM PREPACKED SLICED   
99,211024,CONTINENTAL SLICED DELI MEAT  
100,211025,JOINT OV/READ GAM/POR 450-700G
101,211026,CHICKEN KIEV 2 PACK 240-310G  
102,211027,H K LIVER PER KG STATE TYPE   
103,211028,MEAT BASED SNACK M/PACK 400G  
104,211029,COOKED MEAT TURKEY/CHICK SLICE
105,211030,MEAT BASED SNACK PACK MAX 400GMEAT BASED SNACK PACK MAX 400GMEAT BASED SNACK PACK MAX 400G
106,211031,COOKED HAM LOOSE PER 100GCOOKED HAM LOOSE PER 100GCOOKED HAM LOOSE PER 100G
107,211101,FRESH WHITE FISH FILLETS KG   
108,211104,FRESH FISH-RAINBOW TROUT-WHOLE
109,211105,FRESH FISH-SALMON FILLETS-KG  
110,211106,FROZEN PRAWNS PER KG          
111,211202,CANNED FISH-SALMON-200-215G
112,211203,FROZEN FISH FINGERS (10 PACK)
113,211204,FROZEN FISH IN SAUCE
114,211207,"CANNED FISH, TUNA, 130G-200G  "
115,211208,FROZEN PLAICE IN CRUMBS
116,211209,FROZEN PRAWNS PACKED (PER KG)
117,211210,FROZEN FISH FINGERS 8-12 PK   
118,211211,FROZEN BREAD/BAT FISH 400-550G
119,211301,BUTTER-HOME PRODUCED-250G
120,211302,BUTTER  NEW ZEALAND
121,211303,BUTTER  DANISH
122,211304,BUTTER-IMPORTED 250G
123,211305,SPREADABLE BUTTER             
124,211306,BUTTER 250G SPEC COO          
125,211401,MARGARINE SOFT 500 GRMS
126,211404,COOKING OIL -VEGETABLE 1 LITRE
127,211406,LOW FAT SPREAD
128,211407,MARGARINE/LOW FAT SPREAD-500G 
129,211408,OLIVE OIL - 500ML - 1 LITRE   
130,211409,"PEANUT BUTTER, JAR, 225-350G"
131,211501,CHEDDAR-HOME PRODUCED PER KG  
132,211502,CHEDDAR-IMPORTED-PER KG
133,211504,BRIE PER KG
134,211505,CHEESE CHESHIRE-PER KG
135,211506,"CHEESE SPREAD, 125g-200g TUB  "
136,211507,EDAM PER KG                   
137,211508,PROCESSED CHEESE SLICES (10)
138,211509,HARD REGIONAL CHEESE PER KG   
139,211510,PARMESAN CHEESE-PER KG        
140,211511,SOFT CONTINENTAL CHEESE - KG  
141,211601,EGGS-LARGE-PER DOZ OR 2 X 6
142,211602,EGGS-MEDIUM-PER DOZ OR 2 X 6  
143,211603,EGGS-LARGE-PER DOZ OR 2 X 6   
144,211701,SHOP MILK-PASTEURISED-PER PT
145,211704,DELVD MILK PASTEURISED PER PT
146,211705,DELVD MILK SKIMMED PER PT
147,211707,DELVD MILK SEMI-SKIMMED PER PT
148,211708,DELVD MILK STERILISED PER PT
149,211709,SHOP MILK-WHOLE MILK-4PT/2LTR 
150,211710,MILK SEMI-PER 2 PINTS/1.136 L 
151,211711,MILK-FLAVOURED
152,211712,"MILK, LONG-LIFE, 500ML"
153,211713,MILK FLAVOURED 330-500MLS/GMS 
154,211714,NON-DAIRY MILK DRINK 900ML-1LTNON-DAIRY MILK DRINK 900ML-1LTNON-DAIRY MILK DRINK 900ML-1LT
155,211802,YOGHURT-FRUIT-SMALL INDIVIDUAL
156,211803,FRESH CREAM SINGLE 142ML CARTN
157,211804,POWDERED SKIMMED MILK-198G
158,211805,FROMAGE FRAIS-FLAVOURED-6 PACK
159,211806,YOGHURT/FROMAGE FRAIS-SMALL
160,211807,"YOGHURT/FROMAGE 4-6PK, 45-125G"
161,211808,CHILLED POT DESSERT 125-200G  
162,211809,FRESH SINGLE CREAM 284-300ML
163,211810,POWDERED BABY FORMULA
164,211812,MILK- FLAVOURED 500-568ML
165,211813,PROBIOTIC-STYLE YOGHURT DRINK
166,211814,YOGHURT-SMALL INDIVIDUAL      
167,211815,FRESH DOUBLE CREAM 250ML-300ML
168,211816,POWDERED BABY FORMULA 400-900G
169,211901,TEA BAGS PKT OF 80 (230G-250G)
170,211902,TEA-LOOSE-125G
171,211903,HERBAL/FRUIT TEA-BAGS
172,211904,TEA BAGS-2-PACKET OF 240      
173,211905,"FLAVRD TEA 15-20 BAGS, 30-40G"
174,212001,"FRUIT SQUASH, 750ML - 1.5LT   "
175,212003,COCA/PEPSI COLA 330ML CAN
176,212004,OTHER FIZZY DRINK-PER CAN-330M
177,212005,PURE ORANGE JUICE-1 LTR CARTON
178,212006,FRUIT JUICE NOT ORANGE 1L     
179,212008,LEMONADE-2 LITRE BOTTLE       
180,212009,FRUIT DRINK-200-290ML 3-PACK
181,212010,MINERAL WATER STILL 1.5-2L    
182,212011,COLA FLAVD DRINK 1.75-2 LT BTL
183,212012,PK6/8 FIZZY DRINK/COLA CANS
184,212013,PURE ORANGE JUICE- PACK 3/4
185,212014,"FRUIT JUICE DRINK, 5-99% PURE"
186,212015,FIZZY ENERGY DRINK 250-500ML  
187,212016,FRESH/CHILL ORANGE JUICE 900ML
188,212017,FIZZY BOTTLED DRINK 500ML     
189,212018,FIZZY CANNED DRINK 330ML
190,212019,PURE FRUIT SMOOTHIE 750ML-1LTR
191,212020,FRUIT DRINK BOTTLE 4-8 PACK   
192,212021,BOTTLE STILL WATER 500ML      
193,212022,MIXER DRINK BOTTLE 1L EG TONIC
194,212023,COLA/FIZZY DRINK 330ML PK 4-8 
195,212024,FLAVOURED WATER BOTT 900ML-1.5FLAVOURED WATER BOTT 900ML-1.5FLAVOURED WATER BOTT 900ML-1.5
196,212025,"COLA DRINK, REG,BOTTLE,1.25-2L"
197,212026,"COLA DRINK, DIET 1.25-2LTR"
198,212101,SUGAR -GRANULATED-WHITE-PER KG
199,212104,"MARMALADE, MEDIUM CUT"
200,212105,STRAWBERRY JAM 1 LB
201,212106,JAR OF JAM-340-454G           
202,212107,HONEY JAR/BOTTLE 340G         
203,212202,MINTS                         
204,212203,THROAT LOZENGES
205,212205,INDIVIDUALLY WRAPPED CHOCOLATES
206,212207,CANDY COATED CHOCOLATE
207,212208,CHOCOLATE 2
208,212209,CHOCOLATE 3
209,212210,CARTON/BOX OF CHOCOLATES 2
210,212211,CHOCOLATE 4                   
211,212212,CHOCOLATE 5
212,212213,CHOCOLATE 6
213,212214,FRUIT PASTILLES 2             
214,212215,BAG OF SWEETS 150 - 250G
215,212216,CHOCOLATE 7
216,212217,CHEWING/BUBBLE GUM-SINGLE PK  
217,212218,CARTON/BOX OF CHOCS 325-500GM 
218,212219,CHOCOLATE 8                   
219,212220,CHOCOLATE COATED PEANUT
220,212221,CHOCOLATE 9
221,212222,CHOCOLATE 10                  
222,212223,BRAND CHOC SWEETS 100-185G BAG
223,212224,"SWEETS, NOT CHOC, 150-250G BAG"
224,212225,CHOCOLATE LARGE BAR 100-200G  
225,212226,CHOCOLATE 12CHOCOLATE 12CHOCOLATE 12
226,212227,CHOCOLATE 13CHOCOLATE 13CHOCOLATE 13
227,212301,POTATOES-OLD-LOOSE-WHITE-PER L
228,212302,POTATOES-OLD-PREPK-WHITE-PERKG
229,212305,POTATOES-NEW-LOOSE-PER LB
230,212307,POTATOES-OLD RED-PER KG
231,212308,POTATOES-OLD-LOOSE-WHITE-PERKG
232,212309,POTATOES-NEW-LOOSE-PER KG
233,212310,POTATOES- OLD WHITE PER KG
234,212311,POTATOES- BAKING PR KG
235,212402,POTATO CRISPS-25G/40G         
236,212404,POTATO CRISPS-MULTI-PACK      
237,212405,FROZEN CHIPS 900G-1KG         
238,212406,POTATO FLAVOUR SNACK IN TUBE
239,212407,POTATO CRISPS/CHIPS 150-200G
240,212408,PREMIUM POTATO CRISPS/CHIPS   
241,212409,P'PARED MASHED POTATO 400-650GP'PARED MASHED POTATO 400-650GP'PARED MASHED POTATO 400-650G
242,212501,FRESH VEG-TOMATOES-PER LB
243,212503,FRESH VEG-CABBAGE -WHOLE-PER L
244,212504,FRESH VEG-CAULIFLOWER-EACH    
245,212505,FRESH VEG-SPROUTS-PER LB
246,212506,FRESH VEG-CARROTS-PER LB
247,212507,FRESH VEG-ONIONS-PER LB
248,212508,FRESH VEG-MUSHROOMS-PER 0.25LB
249,212510,FRESH VEG-CUCUMBER-WHOLE      
250,212511,FRESH VEG-LETTUCE-ICEBERG-EACH
251,212513,FRESH VEG-LEEKS-PER LB
252,212514,FRESH VEG-GREEN PEPPER-SPECIFY
253,212515,FRESH VEG-TOMATOES-PER KG     
254,212516,FRESH VEG-CABBAGE-WHOLE-PER KG
255,212517,FRESH VEG-SPROUTS-PER KG
256,212518,FRESH VEG-CARROTS-PER KG      
257,212519,FRESH VEG-ONIONS-PER KG       
258,212520,FRESH VEG-MUSHROOMS-PER KG    
259,212521,FRESH VEG-LEEKS-PER KG
260,212522,FRESH VEG-GREEN PEPPER-PER KG
261,212523,"BROCCOLI, PER KG"
262,212524,PRE-PACKED SALAD
263,212525,"FRESH VEG-GARLIC, BULB"
264,212526,FRESH VEG-ORGANIC CARROTS KG
265,212527,PRE-PACKED SALAD 100-250G     
266,212528,FRESH VEG- LETTUCE- ROUND
267,212529,PRE-PACKED VEG EG BABY CORN
268,212530,FRESH VEG-BROCCOLI-PER KG     
269,212531,FRESH VEG-COURGETTE-PER KG    
270,212532,FRESH VEG-PEPPERS -LOOSE OR KG
271,212533,VEGETABLE STIR FRY FRESH PACK 
272,212534,SWEET POTATO PER KG           
273,212535,SWEET POTATO PER KG OR EACHSWEET POTATO PER KG OR EACHSWEET POTATO PER KG OR EACH
274,212601,CANNED TOMATOES 390-400G      
275,212603,"BAKED BEANS, 400-420G TIN     "
276,212608,CANNED SWEETCORN 198-340G     
277,212609,FROZEN GARDEN PEAS 800G-1KG   
278,212610,FROZEN SLICED GREEN BEANS 2LB
279,212611,BAKED BEANS-415-420G TIN 4 PK
280,212701,APPLES -COOKING-PER LB
281,212702,APPLES -DESSERT-PER LB
282,212703,PEARS -DESSERT-PER LB
283,212705,BANANAS-PER LB
284,212706,STRAWBERRIES-PER 1/2LB
285,212707,PLUMS-PER LB
286,212708,GRAPES-PER LB
287,212709,ORANGES-CLASS 1-EACH          
288,212710,AVOCADO PEAR-EACH             
289,212711,NECTARINES-EACH
290,212712,KIWI FRUIT-EACH               
291,212714,PEACHES-EACH
292,212715,GRAPEFRUIT-EACH               
293,212716,APPLES-COOKING-PER KG         
294,212717,APPLES-DESSERT-PER KG         
295,212718,PEARS-DESSERT-PER KG          
296,212719,BANANAS-PER KG                
297,212720,STRAWBERRIES PER KG OR PUNNET 
298,212721,PLUMS-PER KG
299,212722,GRAPES-PER KG                 
300,212723,ORGANIC DESSERT APPLES KG
301,212724,BAG OF ORGANIC DESSERT APPLES
302,212725,SMALL TYPE ORANGES PER PACK/KG
303,212726,PLUMS PER KG/PACK             
304,212727,PEACH/NECTARINE EACH          
305,212728,PINEAPPLE EACH                
306,212729,BLUEBERRIES PUNNET PER KG     
307,212730,FRUIT FRESH SNACKING 150-350G 
308,212731,MELON EACH EG HONEYDEW        
309,212732,LEMON EACH                    
310,212733,BLUEBERRIES PUNNET OR PER KGBLUEBERRIES PUNNET OR PER KGBLUEBERRIES PUNNET OR PER KG
311,212734,RASPBERRIES PUNNET OR PER KGRASPBERRIES PUNNET OR PER KGRASPBERRIES PUNNET OR PER KG
312,212801,CANNED PEACHES SLICED
313,212802,CANNED PINEAPPLE
314,212805,DRIED MIXED FRUIT-500G PACKET
315,212806,PACKET OF PEANUTS 90-200G     
316,212807,CANNED FRUIT-400-450G         
317,212808,DRIED FRUIT - EG APRICOTS     
318,212901,CUSTARD POWDER-300G DRUM
319,212905,VEGETABLE PICKLE 280-520G     
320,212907,STOCK CUBES-PACK OF 12
321,212910,CANNED SOUP-390-425G          
322,212911,PACKET SOUP-1.5 PINT / 850CL S
323,212912,TINNED RAVIOLI-400-450G
324,212913,VANILLA ICE CREAM-2 LITRES
325,212914,CHOC COVERED ICE CREAM BAR
326,212916,SALAD CREAM-10 OZ/ 285G BOTTLE
327,212917,TOMATO KETCHUP                
328,212918,FRZN READY-COOKD MEAL SERVES 1
329,212920,MALT VINEGAR-568ML
330,212921,COLESLAW-PLAIN-200-250G
331,212922,CHILLED RDY-COOKD MEAL-SERVE 1
332,212923,COOK-IN SAUCE-JAR/CAN 350-520G
333,212924,FROZEN PIZZA-MED SIZE-300-450G
334,212925,MICROWAVE READY MEAL-NOT CHILL
335,212926,BABY FOOD
336,212927,BABY FOOD-CAN/JAR
337,212928,FROZ VEG BURGER/GRILL 200-454G
338,212929,TINNED SPAGHETTI/PASTA SHAPES
339,212930,MAYONNAISE 400G-500G          
340,212931,CHILL RED FAT READY MEAL
341,212932,FROZEN VEG READY MEAL 300-350G
342,212933,ICE CREAM 500ML-1L            
343,212934,DRIED POTTED SNACK 50-120G    
344,212935,DIET-AID DRINK POWDER 420-468G
345,212936,CHILLED READY MEAL-MEAT-SERVS1
346,212937,CHILLED READY MEAL-FISH/VEG   
347,212938,CHOCOLATE COVERED ICE CREAM   
348,212939,CHILLED PIZZA EACH 300-600G   
349,212940,PROTEIN POWDER 900G-2KG       
350,212941,QUICHE 340G-450GQUICHE 340G-450GQUICHE 340G-450G
351,213001,COFFEE: GROUND: FILTER FINE   
352,213003,COFFEE-INSTANT-100G JAR       
353,213004,HOT MILK DRINK-300-400G
354,213005,HOT CHOCOLATE DRINK INSTANT   
355,213006,COFFEE PODS PACK 8-16         
356,220104,RESTAURANT-CUP OF COFFEE
357,220106,PUB: COLD FILLED ROLL/SANDWICH
358,220107,PUB -HOT MEAL                 
359,220108,RESTAURANT - MAIN COURSE 1ST
360,220109,RESTAURANT - SWEET
361,220110,RESTAURANT - MAIN COURSE 2ND
362,220111,BURGER IN BUN-EAT IN          
363,220112,RESTAURANT-MAIN COURSE-EVENING
364,220113,RESTAURNT-SWEET COURSE-EVENING
365,220114,RESTAURANT-MAIN COURSE-LUNCH
366,220115,FRUIT JUICE
367,220116,LEMONADE/COLA DRAUGHT         
368,220117,BOTTLED MINERAL WATER         
369,220118,RESTAURANT MAIN COURSE 1
370,220119,RESTAURANT MAIN COURSE 2
371,220120,IN STORE CAFETERIA MEAL       
372,220121,RESTAURANT CUP OF COFFEE      
373,220122,RESTAURANT - SWEET COURSE     
374,220124,MUFFIN/INDIVIDUAL CAKE        
375,220125,FRUIT JUICE BOTTLE 250-350ML  
376,220126,VEGETARIAN MAIN COURSE
377,220127,PUB-ROLL/SANDWICH HOT OR COLD 
378,220128,RESTAURANT EVENING MAIN COURSE
379,220205,STAFF RESTAURANT MAIN COURSE
380,220206,STAFF RESTAURANT SWEET
381,220207,CUP OF TEA IN CANTEEN
382,220208,STAFF RESTAURNT HOT SNACK ITEM
383,220209,PRIMARY SCHOOL- FIXED CHARGE  
384,220210,SECONDARY SCHOOL- CAFETERIA   
385,220211,STAFF RESTAURANT FIZZY DRINK  
386,220212,STAFF RESTAURANT SANDWICH     
387,220213,STAFF RESTAURANT PUDDING
388,220214,STAFF RESTAURANT MAIN COURSE  
389,220301,FISH & CHIPS TAKEAWAY         
390,220302,BEEFBURGER AND BUN - TAKE AWAY
391,220303,SANDWICH-TAKE-AWAY (COLD)     
392,220304,COFFEE -TAKE-AWAY
393,220305,TEA -TAKE-AWAY                
394,220310,POTATO CRISPS-INDIVIDUAL PACK 
395,220311,DRY ROASTED PEANUTS INDIVIDUAL
396,220314,TAKEAWAY SOFT DRINK CAN/CARTON
397,220315,ETHNIC TAKEAWAY MAIN COURSE
398,220316,PIZZA TAKEAWAY OR DELIVERED   
399,220317,PASTY/SAVOURY PIE - TAKEAWAY  
400,220318,INDIAN TAKEAWAY               
401,220319,CHINESE TAKEAWAY              
402,220320,TAKEAWAY SOFT DRINK           
403,220321,TAKEAWAY COFFEE LATTE         
404,220322,BURGER IN BUN- TAKEAWAY       
405,220323,KEBAB- TAKEAWAY               
406,220324,CINEMA POPCORN                
407,220325,VENDING MACHINE - SOFT DRINK  
408,220326,TAKEAWAY CHICKEN & CHIPS      
409,220327,T'AWAY COOKED SAVOURY PASTRYT'AWAY COOKED SAVOURY PASTRYT'AWAY COOKED SAVOURY PASTRY
410,310101,MILD (PER PINT)
411,310102,DRAUGHT BITTER (PER PINT)     
412,310103,DRAUGHT LAGER (PER PINT)
413,310104,DRAUGHT STOUT PER PINT        
414,310105,PALE/LIGHT ALE (PER BOTTLE)
415,310106,CIDER-1/2PT OR 275-340ML BOT
416,310107,LOW ALCHL LAGER 275-340ML BTL
417,310108,LAGER-BTLD-PILS TYPE-275-340ML
418,310109,LAGER - PINT 3.4-4.2%         
419,310110,PREMIUM LAGER - PINT 4.3-7.5% 
420,310111,BOTTLED PREMIUM LAGER 4.3-7.5%
421,310112,BOTTLE OF LAGER IN NIGHTCLUB  
422,310113,CIDER-PER PINT OR 500-568ML   
423,310114,CIDER 4.5%-5.5% ABV PINT/BOTTLCIDER 4.5%-5.5% ABV PINT/BOTTLCIDER 4.5%-5.5% ABV PINT/BOTTL
424,310201,LIGHT/PALE ALE (4 LARGE CANS)
425,310202,BROWN ALE-4 CANS 440-500ML
426,310203,LAGER-4 CANS 440-500ML
427,310204,BITTER (2 LITRE BOTTLE)
428,310205,CIDER 1-2 LITRE BOTTLE
429,310206,LOW ALCOHOL LAGER-4 CANS-SPECI
430,310207,BITTER-4CANS-440-500ML        
431,310208,ALCOPOP-BOTTLED-275-340ML
432,310209,LAGER-BOTTLED-275-340ML
433,310210,LAGER 'STUBBIES' 24 PK
434,310211,LAGER 4 BOTTLES (275-340ML)
435,310212,LAGER PACK 12 CANS 440-500ML
436,310213,LAGER 4 CANS- PREMIUM 4.3-7.5%
437,310214,LAGER STUBBIES 4.3-7.5% ABV
438,310215,LAGER 4 BOTTLES- PREMIUM      
439,310216,LAGER 12 - 24 CANS (440-500ML)
440,310217,LAGER 12-24 BOTTLE (250-300ML)
441,310218,APPLE CIDER 500-750ML 4.5-5.5%
442,310219,STOUT - 4 CAN PACK            
443,310220,SPEC'Y BEER BOTT 500ML 4-5.5  
444,310221,APPLE CIDER 4 CAN PK 440-500MLAPPLE CIDER 4 CAN PK 440-500MLAPPLE CIDER 4 CAN PK 440-500ML
445,310222,CIDER FLAVOURED BOTT 500-568MLCIDER FLAVOURED BOTT 500-568MLCIDER FLAVOURED BOTT 500-568ML
446,310301,WHISKY (PER NIP) SPECIFY ML   
447,310302,VODKA (PER NIP) SPECIFY ML    
448,310303,GIN (PER NIP)
449,310304,WINE (PER GLASS)
450,310305,BOTTLE OF WINE 70-75CL
451,310306,BOTTLE OF MIXER 125-200ML     
452,310307,LIQUEUR PER NIP   SPECIFY ML  
453,310308,LEMONADE/COLA-FLAV. DRINK
454,310309,SPIRIT BASED DRINK 275ML      
455,310310,"WINE, PER 175 - 250 ML SERVING"
456,310311,LEMONADE/COLA DRAUGHT
457,310312,BOTTLED MINERAL WATER 330ML
458,310313,BOTTLE OF CHAMPAGNE
459,310314,BOTTLE OF CHAMPAGNE
460,310315,BOTTLE OF WINE 70-75CL        
461,310401,WHISKY-70 CL BOTTLE           
462,310402,WHISKY (70 CL BOTTLE)
463,310403,VODKA-70 CL BOTTLE            
464,310404,GIN-70 CL BOTTLE
465,310405,BRANDY-68-70 CL BOTTLE        
466,310406,FORTIFIED WINE  (70-75CL)     
467,310407,VERMOUTH-75 CL BOTTLE
468,310409,OTHER IMPTD WHITE WINE-70-75CL
469,310412,IMPORTED RED WINE-70-75 CL BOT
470,310413,WHITE WINE (3 LITRE BOX)
471,310414,IMPORTED RED WINE LE PIAT D'OR
472,310415,LIEBFRAUMILCH-70-75CL BOTTLE
473,310416,"WHITE CHARDONNAY, 70-75CL"
474,310417,SPIRIT BASED DRINK 250-330MLS 
475,310418,IMPORTED SPARKLING WINE 75CL
476,310419,WHITE WINE- EUROPEAN 75CL     
477,310420,WHITE WINE- NEW WORLD 75CL    
478,310421,RED WINE- EUROPEAN 75CL       
479,310422,RED WINE- NEW WORLD 75CL      
480,310423,BOTTLE OF CHAMPAGNE 75 CL     
481,310424,WINE BOX 3 LITRES MIN ABV 11%
482,310425,ROSE WINE-75CL BOTTLE         
483,310426,RED OR WHITE SPARKLING WINE   
484,310427,RUM WHITE EG BACARDI 70CL BOTT
485,310428,CREAM LIQUER 70CL-1LT 15-20%  
486,310429,GIN BOTTLE 70CLGIN BOTTLE 70CLGIN BOTTLE 70CL
487,320102,CIGARETTES 2
488,320103,CIGARETTES 3
489,320104,CIGARETTES 4
490,320105,CIGARETTES 5
491,320106,CIGARETTES 6
492,320107,CIGARETTES 7
493,320108,CIGARETTES 8                  
494,320109,CIGARETTES 9
495,320110,CIGARETTES 10
496,320111,CIGARETTES 11
497,320112,CIGARETTES 12                 
498,320113,CIGARETTES 13
499,320114,CIGARETTES 14
500,320115,CIGARETTES 15                 
501,320116,CIGARETTES 16
502,320117,CIGARETTES 17
503,320118,CIGARETTES 18
504,320119,VENDING MACHINE CIGARETTES
505,320120,CIGARETTES 19
506,320121,CIGARETTES 20                 
507,320122,20 FILTER - OTHER BRAND       
508,320124,E-CIG REFILL BOTTL/CART 2-10ML
509,320125,CIGARETTES 21CIGARETTES 21CIGARETTES 21
510,320201,PIPE TOBACCO 25G
511,320203,HAND ROLLING TOBACCO 25GM 3
512,320204,HAND ROLLING TOBACCO 25GM 4
513,320205,5 CIGARS: SPECIFY BRAND       
514,320206,HAND ROLLING TOBACCO 20-30GM  
515,410101,PRIV RENTD UNFURNISHD PROPERTY
516,410103,PRIVATE RENTED FURNISHED PRPTY
517,410502,PLUMBER-REPLACE 2 PILLAR TAPS
518,410504,ELECTRICIAN-ADD 13 AMP SOCKET
519,410507,DECORATORS' CHARGES
520,410508,PLUMBER-DAYTIME HOURLY RATE   
521,410509,ELECTRICIAN-DAYTIME RATE/HOUR 
522,410510,DECORATORS CHARGES (1 HOUR)
523,410513,DIY EQUIPMENT HIRE
524,410514,DECORATOR-HANGING WALLPAPER
525,410515,DECORATOR-PAINT EXT HOUSEFRONT
526,410516,GAS SERVICE CHARGE LOCAL
527,410517,DECORATOR-DAILY RATE;SPEC HRS 
528,410518,CARPENTER HOURLY RATE         
529,410602,READY-MIXED FILLER-INT USE    
530,410603,WALLPAPER PASTE
531,410604,WALLPAPER (1)
532,410605,PAINT-EMULSION-WHITE-2.5-5LTR
533,410607,PAINT BRUSH-2INCH/5CM WIDTH   
534,410610,POWER POINT-DOUBLE SOCKET
535,410611,DOOR HANDLE-PACK FOR ONE DOOR 
536,410613,WOOD CHISEL  3/4 INS
537,410614,POWER DRILL-HAMMER ACTION     
538,410618,HARDBOARD-SHEET
539,410619,SOFTWOOD-1.6M-2.4M LENGTH     
540,410620,WALLPAPER-PER ROLL
541,410621,VARNISH-CLEAR GLOSS-750ML-1LTR
542,410622,GLOSS PAINT-WHITE 750ML-2.5LTR
543,410623,HIRE DOM STEAM WLPAPR STRIPPER
544,410624,WALLPAPER-WHITE-TEXTURED/BLOWN
545,410625,SCREWDRIVER                   
546,410626,CERAMIC TILE PLAIN BOX OF 6-44
547,410627,STEP LADDER SPEC NO OF STEPS
548,410628,PAIR OF BASIN TAPS (NOT MIXER)
549,410629,WALLPAPER PER ROLL            
550,410630,WOODSCREWS - STEEL/ZINC PLATED
551,410631,SHOWER HEAD                   
552,410632,HIRE OF DOMES CARPET CLEANER  
553,410633,MDF                           
554,410636,PAINT EMUL NOT WHITE 2.5-5LT  
555,410637,CERAMI TILES 15X15-25X50CM BOX
556,410638,WOODSCREWS STEEL/ZIN PLATED PK
557,410639,PAINT GLOSS/EMUL 750ML-2.5LTR 
558,420101,COAL-HOUSEHOLD BEST QUAL 50KG 
559,420102,COAL -HOUSEHOLD-GROUP C-50KG
560,420103,SMOKELESS FUEL 50KG           
561,420104,SMOKELESS FUEL-OPEN FIRE-50KG
562,420405,KEROSENE - 1000L DELIVERED    
563,430101,DOUBLE WARDROBE               
564,430102,HEADBOARD-FOR DOUBLE BED-WIDTH
565,430103,SETTEE-UPHOLSTERED-3-SEATER
566,430104,ARMCHAIR -UPHOLSTERED         
567,430105,DINING ROOM TABLE-EXTENDABLE
568,430106,DINING ROOM CHAIR-WITHOUT ARMS
569,430108,DOUBLE BED-WIDTH APPROX 135CM 
570,430110,BEDSIDE CABINET
571,430112,SOFA BED
572,430117,COT-DROPSIDE-EXCLUDING BEDDING
573,430118,SINK-SINGLE DRAINER 1-1.5 BOWL
574,430119,KITCH BASE UNIT WIDTH 800-1000
575,430120,COFFEE TABLE                  
576,430121,DOUBLE WARDROBE
577,430122,SINGLE BED-WIDTH 90CM/3FT     
578,430123,DINING ROOM TABLE
579,430124,3-PIECE UPHOLSTERED SUITE
580,430125,COFFEE TABLE -2
581,430126,KITCHEN WALL UNIT SELF ASSMBLY
582,430127,CHEST OF DRAWERS              
583,430128,NEST OF TABLES
584,430129,DINING ROOM TABLE & 4-6 CHAIRS
585,430130,DESK (EG HOME OFFICE/COMPUTER)
586,430131,PLASTIC PATIO SET
587,430132,MATTRESS- 3FT/90CM            
588,430133,BOOKCASE/FREESTAND SHELV UNIT 
589,430134,TABLE LAMP                    
590,430135,3 PIECE NON-LEATHER SUITE     
591,430136,PATIO TABLE & CHAIRS-SEASONAL 
592,430137,LEATHER SETTEE                
593,430138,HOME OFFICE DESK              
594,430139,KITCH WALL UNIT WIDTH 800-1000
595,430140,SOFA BED                      
596,430141,DINING TABLE & 2-6 CHAIRSDINING TABLE & 2-6 CHAIRSDINING TABLE & 2-6 CHAIRS
597,430142,HIGH CHAIRHIGH CHAIRHIGH CHAIR
598,430143,"SETTEE,NON LEATHER - SEE HELP"
599,430202,"VINYL FLOOR COVERING, SQ M"
600,430203,CARPET AXMINSTER/WILTON SQ M
601,430204,CARPET-TUFTED PER SQ M
602,430206,"CURTAINS READY MADE, SPEC SIZE"
603,430211,DUVET-DOUBLE TOG 10-13.5      
604,430213,MATTRESS-90CM-INTERIOR SPRUNG
605,430214,HAND TOWEL
606,430215,WASHABLE CARPET PER SQ M
607,430216,DUVET COVER                   
608,430219,SHOWER CURTAIN
609,430220,"SHOWER CURTAIN, APPROX 72 X 72"
610,430221,PACK OF VINYL FLOOR TILES-SPEC
611,430222,CARPET-TUFTED PER SQ M
612,430223,BEACH TOWEL
613,430224,FITTED BED SHEET              
614,430225,PACK OF VINYL FLOOR TILES
615,430226,FLOOR RUG                     
616,430227,LAMINATE FLOORING PER SQ M    
617,430228,BATH SHEET                    
618,430229,FABRIC ROLLER BLIND 120-180CM 
619,430230,CARPET -AXMINSTER(MIN 80% WOOL
620,430231,HARDWOOD FLOORING PER SQ MT
621,430232,HARDWOOD FLOORING
622,430233,CARPET TUFTED 100% MANMADE FIB
623,430234,CARPET TUFTED MIN 80% WOOL FIB
624,430235,FLOOR RUG STATE SIZE & MATERIAFLOOR RUG STATE SIZE & MATERIAFLOOR RUG STATE SIZE & MATERIA
625,430236,CURTAINS READY MADE SP'FY SIZECURTAINS READY MADE SP'FY SIZECURTAINS READY MADE SP'FY SIZE
626,430301,VACUUM CLEANER-UPRIGHT
627,430303,ELECTRIC IRON
628,430304,ELECTRIC COOKER               
629,430305,AUTO WASHING MACHINE-NO DRYER
630,430306,ELECTRIC FRIDGE/FREEZER
631,430307,ELECTRIC KETTLE - 1.5-1.7L    
632,430308,ELECTRIC HAIRDRYER
633,430311,MICROWAVE (STATE IF COMBINED)
634,430312,TELEPHONE-HOME USE-NOT MOBILE
635,430313,TUMBLE DRYER
636,430314,DISH WASHER-12 PLACE SETTING
637,430315,SMOKE ALARM-STANDARD SINGLE
638,430316,COMB ANS MACHINE & TELEPHONE
639,430317,ELECTRIC IRON                 
640,430318,TOASTER-2 SLICES
641,430319,FOOD PROCESSOR-STANDARD-1 BOWL
642,430320,HAIR DRYER
643,430321,ELECTRIC RAZOR                
644,430322,TABLE LAMP
645,430323,PHONE NT MOBILE(SPEC DIG/ANAL)
646,430324,FIXED TELEPHONE
647,430325,ELECTRIC HEATER
648,430326,ELECTRIC SHOWER UNIT
649,430327,VACUUM CLEANER-UPRIGHT
650,430328,AUTOMATIC WASHING MACHINE
651,430329,DISHWASHER (12 PLACE SETTING)
652,430330,FRIDGE/FREEZER - 2005
653,430331,VACUUM CLEANER - 2005
654,430332,WASHING MACHINE - 2005
655,430333,DISHWASHER - 2005
656,430335,HAIR DRYER
657,430336,FRIDGE/FREEZER - 2006
658,430337,VACUUM CLEANER - 2006
659,430338,WASHING MACHINE - 2006
660,430339,ELECTRIC COOLING FAN
661,430340,FRIDGE/FREEZER - 2007
662,430341,VACUUM CLEANER - 2007
663,430342,WASING MACHINE - 2007
664,430344,FRIDGE/FREEZER - 2008
665,430345,VACUUM CLEANER - 2008
666,430346,WASHING MACHINE - 2008
667,430347,ELECTRIC FRIDGE FREEZER 2009
668,430348,VACUUM CLEANER 2009
669,430349,AUTOMATIC WASHING MACHINE 2009
670,430350,DISHWASHER 12 SETTING RS 09/10
671,430351,ELECTRIC HAIR STYLING APP     
672,430352,FRIDGE FREEZER RS 2010-11
673,430353,VACUUM CLEANER 2010
674,430354,WASHING MACHINE RS 2010-11
675,430355,VACUUM CLEANER                
676,430356,DISH WASHER 12-15 PLACE SET   
677,430358,ELECTRIC HEATER -SEASONAL     
678,430359,ELECTRIC COOLING FAN -SEASONAL
679,430361,WASHING MACH NO DRYER MAX 1800
680,430362,FRIDGE/FREEZER SPEC CAPACITIES
681,430363,ELECTRIC TOOTHBRUSH
682,430404,GLASS TUMBLER
683,430405,GLASS OVENWARE CASSEROLE DISH
684,430407,"SMALL SAUCEPAN,MILK           "
685,430408,TABLE KNIFE-STAINLESS STEEL
686,430409,SCISSORS - HOUSEHOLD          
687,430410,WASHING-UP BOWL
688,430413,GAS FIRE                      
689,430414,GAS COOKERS-SPECIFY MAKE & MOD
690,430415,MUG-EARTHENWARE OR CHINA
691,430416,SMOKE ALARM
692,430417,BREAD BIN
693,430418,PLASTIC FOOD STORAGE CONTAINER
694,430419,STAINLESS STEEL CUTLERY SET   
695,430420,CROCKERY SET;SPECIFY CONTENTS 
696,430421,CRYSTAL WINE GLASS
697,430422,PLAIN GLASS TUMBLER           
698,430423,FRYING PAN 24-30CM            
699,430424,"BAKEWARE, METAL, TRAY/ROASTING"
700,430425,"DINNER PLATE, APPROX DIAMETER"
701,430501,WRITING PAPER PAD-20-50SHEEETS
702,430503,BALL POINT                    
703,430505,ALUMINIUM COOKING FOIL 300MM  
704,430507,WASHING UP LIQUID-400-900ML   
705,430509,HOUSEHOLD CLEANER CREAM/LIQUID
706,430510,TOILET ROLLS (PACKET OF 2)
707,430511,ELECTRIC PLUG-13 AMP-FUSED
708,430513,DRYCELL BATTERY-PACK OF 4     
709,430515,PACKET OF ENVELOPES           
710,430516,DISH WASHER LIQUID  1 LITRE
711,430517,LIGHT BULB-PACK OF 2-SPECIFY W
712,430518,REFUSE SACK FROM PACK OF 10-20
713,430519,WASHING POWDER - AUTOMATIC    
714,430520,WASHING MACHINE-  LIQUID
715,430521,TOILET ROLLS- 8 TO 10 PACK
716,430522,DISH WASHER POWDER-1KG-3KG
717,430523,AIR FRESHENER AEROSOL SPRAY
718,430524,LIGHT BULB                    
719,430525,CLEAR STICKY TAPE             
720,430526,GREETINGS CARD; STATE CODE    
721,430527,A4 PRINTER PAPER (500 REAM)   
722,430528,CLEANING CLOTHS
723,430529,BLEACH 750ML                  
724,430530,BLACK INKJET CARTRIDGE        
725,430531,FABRIC CONDITIONER (500ML-1LT)
726,430532,DISHWASHER TABLETS PACK OF 32
727,430533,KITCHEN ROLL                  
728,430534,DISHCLOTHS PACK OF 10
729,430535,SHEET OF WRAPPING PAPER       
730,430536,TOILET ROLLS                  
731,430537,DISHWASHER TABLETS
732,430538,DISHWASHER TABLETS PACK 16-40 
733,430539,DRYCELL BATTERY 4 PACK EG AADRYCELL BATTERY 4 PACK EG AADRYCELL BATTERY 4 PACK EG AA
734,430540,WASHING LIQUID 800ML/1.5LTR
735,430601,DOG FOOD CAN 1
736,430602,CAT FOOD CAN 1
737,430604,DOG FOOD CAN 2
738,430605,CAT FOOD CAN 2
739,430608,DOG MIXER/MEAL
740,430610,DOG BOWL - PLASTIC
741,430611,CAT LITTER
742,430612,VET FEES-SPAY KITTEN 6 MONTHS
743,430613,DOG FOOD-CAN-385-400GM        
744,430614,CAT FOOD-CAN-385-400GM
745,430615,FLEA COLLAR FOR CAT OR DOG
746,430616,DRY CAT FOOD UPTO 1KG PACK/BOX
747,430617,ANIMAL CAGE (E.G FOR GERBIL)  
748,430618,PET FLEA DROPS
749,430619,COMPLETE DRY DOG FOOD 1-3KG   
750,430620,CAT FOOD POUCH 85-100G
751,430621,ANNUAL BOOSTER INJECTION      
752,430622,DOG KENNEL FEES DAILY CHARGE  
753,430623,SMALL CAGED MAMMAL            
754,430624,CAT FOOD POUCH-IND-85G-100G   
755,430625,WILD BIRD SEED PACK 500G-2KG  
756,430626,"DOG TREATS,SPEC,TYPE 70-400G"
757,440101,DOMESTIC CLEANER HOURLY RATE  
758,440102,WOMEN'S SHOE RPR HEEL-RUBBER
759,440103,LAUNDRETTE CHARGE 1 LOAD WASH
760,440104,DRY CLEANING-MAN'S SUIT       
761,440105,DRIVING LESSON 1 HOUR         
762,440110,DOG KENNEL-DAILY BOARDING FEE
763,440111,CHILD-MINDER WEEKLY RATE/CHILD
764,440113,WINDOW-CLEAN 3-BED SEMI       
765,440114,WATCH REPAIR-CLEAN AND SERVICE
766,440116,WASHING MACHINE REPAIR        
767,440117,TV REPAIR
768,440118,PC REPAIR                     
769,440119,HOME REMOVALS (BASIC CHARGE)
770,440120,CHILD MINDER - HOURLY RATE    
771,440121,CATERING-50 SET MENU PER HEAD 
772,440123,HOME REMOVAL- 1 VAN           
773,440125,GARDENER HOURLY RATE
774,440126,WEEKLY NANNY FEES             
775,440127,MONTHLY SELF STORAGE FEE      
776,440128,HOME CARE ASSISTANT HRLY RATE 
777,440129,PLAYGROUP FEES - PER SESSION  
778,440130,AFTER SCHOOL CLUB CHARGES
779,440131,WATCH BATTERY REPLACEMENT     
780,440132,MEN'S CLOTHING HIRE- SEE HELP 
781,440206,NEWSPAPER ADVERT PER LINE
782,440215,HOUSE CONVEYANCING
783,440217,FULL STRUCTURAL SURVEY FOR RES
784,440226,HOME-BUYERS SURVEY-RSDNTL PPTY
785,440227,FUNERAL-CREMATION             
786,440232,NURSERY FEES: CHILD 0-4       
787,440233,NEWSPAPER AD NON TRADE 20 WORD
788,440240,BASIC WILL FOR A SINGLE PERSON
789,440249,HOUSE CONVEYANCING            
790,440254,HOURLY RATE FOR SOLICITOR     
791,510101,MENS SUIT-READY MADE          
792,510102,MEN'S COAT
793,510104,MENS JACKET/COAT              
794,510105,MEN'S TROUSERS
795,510106,MENS JEANS                    
796,510107,MEN'S CARDIGAN
797,510108,MEN'S JUMPER-KNITTED          
798,510109,MEN'S FORMAL SHIRT-LONG SLEEVE
799,510110,MEN'S T-SHIRT-NO COLLAR-LONG S
800,510113,MENS CASUAL S/SLEEVE TOP      
801,510114,MEN'S T'SUIT/JOGGING BOTTOMS
802,510115,MEN'S SUIT-READY MADE -2
803,510116,MEN'S BLAZER/FORMAL JACKET
804,510117,MEN'S FORMAL RDY-MADE TROUSERS
805,510118,MEN'S CASUAL TROUSERS         
806,510119,MEN'S JEANS -2
807,510120,MEN'S JUMPER OR SWEATSHIRT    
808,510121,MEN'S CASUAL SHIRT-LONG SLEEVE
809,510122,MEN'S TRACKSUIT/JOGGIN BOTTOMS
810,510123,MEN'S T-SHIRT-NO COLLAR-S/SLVD
811,510124,MENS SHORTS NOT SWIMWEAR      
812,510125,MEN'S CASUAL SHIRT
813,510126,MENS BRANDED T-SHIRT          
814,510127,MENS OFFICIAL FOOTBALL SHIRT  
815,510128,MEN'S BRANDED SPORT SWEATSHIRT
816,510129,MEN'S 3/4 COAT NOT JACKET
817,510130,MENS 3/4 TO FULL LENGTH COAT  
818,510131,MENS CASUAL SHIRT             
819,510132,MEN'S T-SHIRT SHORT SLEEVED   
820,510191,RES2 Mens jeans
821,510192,RES2 Mens jumper (knitted)
822,510193,RES2 Mens jumper or sweatshir
823,510194,RES2 Mens Branded Sp Swshirt
824,510195,RES1 Men's jeans
825,510196,RES1 Men's jumper (knitted)
826,510197,RES1 Men's jumper or sweatshir
827,510198,RES1 Men's Branded Sp Sshirt
828,510201,WOMEN'S SUIT
829,510202,WOMEN'S SKIRT-WINTER FABRIC-1
830,510203,WOMEN'S SKIRT SUMMER FABRIC-1
831,510204,WOMEN'S OVERCOAT
832,510205,WOMEN'S RAINPROOF COAT/JKT
833,510206,WOMENS BLOUSE/SHIRT 1         
834,510207,WOMENS SHORT SLEEVE TOP
835,510208,WOMEN'S FORMAL JACKET         
836,510209,WOMEN'S DRESS-MAN MADE FIBRE-1
837,510210,WOMEN'S DRESS SUMMER FABRIC-1
838,510211,WOMEN'S DRESS-WINTER FABRIC-1
839,510212,WOMEN'S JUMPER                
840,510213,WOMEN'S TROUSERS -1
841,510214,WOMEN'S JEANS -1
842,510215,WOMENS BASIC PLAIN T-SHIRT    
843,510217,WOMEN'S SWEATSHIRT
844,510218,WOMEN'S LEGGINGS
845,510219,WOMEN'S CASUAL OUTER JACKET   
846,510220,WOMEN'S FRML WRK SKIRT/TROUSRS
847,510221,WOMEN'S SKIRT-WINTER FABRIC-2
848,510222,WOMEN'S SKIRT-SUMMER FABRIC-2
849,510223,WOMEN'S LONG SLV TOP-NT BLOUSE
850,510224,WOMEN'S SHT SLV TOP NOT BLOUSE
851,510225,WOMEN'S CAS OUTER JKT-FLEECE
852,510226,WOMEN'S DRESS-MAN-MADE FIBRE-2
853,510227,WOMEN'S DRESS SUMMER FABRIC -2
854,510228,WOMEN'S DRESS-WINTER FABRIC-2
855,510229,WOMEN'S JUMPER -2
856,510230,WOMEN'S TROUSERS -2
857,510231,WOMEN'S JEANS -2
858,510232,WOMEN'S LEGGINGS/SKI-PANTS
859,510233,WOMEN'S CARDIGAN              
860,510234,WOMEN'S SHORTS
861,510235,WOMEN'S TROUSERS-CASUAL       
862,510236,WOMEN'S TROUSERS-FORMAL       
863,510237,WOMEN'S SKIRT: CASUAL         
864,510238,WOMEN'S SKIRT: WORK/FORMAL    
865,510239,WOMEN'S DRESS-CASUAL 1
866,510240,WOMEN'S DRESS-WORK/FORMAL 1
867,510241,WOMEN'S PARTY DRESS
868,510242,WOMEN'S SKIRT-CASUAL 2
869,510243,WOMEN'S SKIRT-WORK/FORMAL 2
870,510244,WOMEN'S VEST/STRAPPY TOP      
871,510245,WOMENS DRESS -CASUAL/FORMAL   
872,510246,WOMENS SHORT SLEEVE SPORTS TOP
873,510247,WOMEN'S SWIMWEAR
874,510248,WOMEN'S JEANS- OWN BRAND      
875,510249,WOMEN'S JEANS- BRANDED        
876,510250,WOMEN'S COAT - SEE HELP SCREEN
877,510251,WOMEN'S PREMIUM BRANDED DRESS
878,510252,WOMEN'S CASUAL TROUSERS 2     
879,510253,WOMEN'S SHOWERPROOF JACKET
880,510254,WOMENS SPORTSWEAR SHORTS      
881,510255,WOMEN'S SWIMWEAR              
882,510256,WOMEN'S SHOWERPROOF JACKET    
883,510257,WOMENS BLOUSE / SHIRT 2       
884,510258,WOMENS LEGGINGS FULL LENGTH   
885,510259,WOMENS SHORT SLEEVE FORMAL TOP
886,510260,WOMENS EXERCISE LEGGINGSWOMENS EXERCISE LEGGINGSWOMENS EXERCISE LEGGINGS
887,510291,RES2 Womens jumper
888,510292,RES2 Womens cardigan (specify
889,510293,"RES2 Womens jeans, shops own"
890,510294,"RES2 Womens jeans, branded"
891,510295,RES1 Women's jumper
892,510296,RES1 Women's cardigan (specify
893,510297,RES1 Women's jeans shops own
894,510298,RES1 Women's jeans branded
895,510301,BOY'S SHIRT
896,510303,BOY'S JERSEY
897,510305,BOY'S JEANS
898,510306,CHILDREN'S SHORTS
899,510307,GIRL'S SKIRT -HEAVY MATERIAL
900,510308,GIRL'S SKIRT SUMMER FABRIC
901,510309,GIRL'S DRESS -HEAVY MATERIAL
902,510310,GIRL'S DRESS SUMMER FABRIC
903,510311,CHILD'S COAT
904,510312,BABYGRO OR SLEEPSUIT
905,510313,CHILD'S DUNGAREES
906,510314,CHILD'S ANORAK
907,510315,BOY'S CASUAL S/SLEEVE SHIRT
908,510316,CHILD'S JACKET/FLEECE
909,510317,CHILD'S JUMPER/SWEATSHIRT
910,510318,"INFANT'S DUNGAREES, UNDER 2 YR"
911,510319,GIRL'S SKIRT - SCHOOL/FORMAL
912,510320,GIRLS'S SKIRT-CASUAL
913,510321,GIRL'S DRESS-SCHOOL/FORMAL
914,510322,GIRL'S DRESS-CASUAL
915,510323,SHIRT SUITABLE FOR SCHOOL
916,510324,TROUSERS SUITABLE FOR SCHOOL  
917,510325,BOYS BRANDED T-SHIRT 5-15 YRS
918,510326,GIRLS FASHION TOP
919,510328,BOY'S JEANS (5 -15 YEARS)     
920,510329,CHILDREN'S SHORTS (18M-4YRS)
921,510330,BABYGRO OR SLEEPSUIT          
922,510331,GIRL'S LTWEIGT CASUAL JACKET
923,510333,CHILD'S JACKET/FLEECE
924,510334,CHILD'S JUMPER/SWEATSHIRT
925,510335,INFANT'S DUNGAREES
926,510336,GIRLS SKIRT (5-15 YEARS)      
927,510339,GIRL'S DRESS 5-15 YRS
928,510340,GIRLS FASHION TOP 12-13 YEARS 
929,510341,CHILDS TROUSERS (18MTHS-4YR)  
930,510342,GIRL'S SUMMER JACKET
931,510343,GIRL'S WINTER JACKET
932,510344,GIRL'S TROUSERS NOT DENIM     
933,510345,BOY'S BRANDED SPORTS TOP
934,510346,CHILDS JUMPER                 
935,510347,GIRLS JACKET (5-15 YEARS)     
936,510348,BOYS T-SHIRT 3-13 YEARS       
937,510349,GIRLS LEGGINGS 5-13 YEARSGIRLS LEGGINGS 5-13 YEARSGIRLS LEGGINGS 5-13 YEARS
938,510391,RES2 Boys jeans (5-15 years)
939,510392,RES2 Childs jumper/sweatshirt
940,510393,RES1 Boy's jeans (5-15 yrs)
941,510394,RES1 Child's jumper/sweatshirt
942,510402,MEN'S PANTS/BOXER SHORTS      
943,510404,WOMEN'S SLIP
944,510405,WOMEN'S NIGHTDRESS/PYJAMAS    
945,510406,WOMEN'S PANTS                 
946,510407,"BRA, CUP SIZE A-D RANGE       "
947,510409,WOMEN'S SWIMWEAR
948,510410,CHILD'S PYJAMAS               
949,510411,CHILDS PANTS 18MTHS-15YRS     
950,510413,MEN'S SOCKS                   
951,510415,WOMEN'S TIGHTS                
952,510416,CHILD'S SOCKS                 
953,510418,MEN'S HANDKERCHIEF
954,510419,MEN'S TIE                     
955,510424,KNITTING WOOL
956,510426,TIGHTS-PACK OF 3
957,510427,ADULT REPLICA F/BALL-TEAM SHRT
958,510428,LADY'S SCARF
959,510429,KNITTING WOOL-DOUBLE KNIT-100G
960,510430,MEN'S BELT
961,510431,BASEBALL CAP
962,510432,LADY'S SCARF                  
963,510433,MENS BASE LAYER TOP LONG/SHORTMENS BASE LAYER TOP LONG/SHORTMENS BASE LAYER TOP LONG/SHORT
964,510434,"HAT/CAP, ADULT"
965,510485,RES2 Mens pants/boxer shorts
966,510486,RES2 Womens pants
967,510487,RES2 Brassiere
968,510488,RES2 Girls knickers (one pair
969,510489,RES2 Mens socks
970,510490,RES2 Womens tights
971,510491,RES2 Childs socks
972,510492,RES1 Men's pants/boxers
973,510493,RES1 Women's pants
974,510494,RES1 Brassiere
975,510495,RES1 Girl's knickers (one pair
976,510496,RES1 Men's socks
977,510497,RES1 Women's tights
978,510498,RES1 Child's socks
979,510501,MEN'S SHOE FORMAL STYLE       
980,510502,MEN'S SHOES TRAINERS
981,510503,WOMEN'S SHOES WALKING -1
982,510504,WOMEN'S SHOES FASHION -1
983,510505,ADULT'S SLIPPERS
984,510506,WOMEN'S SANDALS               
985,510507,BOY'S SHOES                   
986,510508,GIRL'S SHOES SCHOOL           
987,510510,CHILD'S WELLINGTON BOOTS
988,510511,CHILD'S SANDALS
989,510512,CHILD'S TRAINERS-FOOTWEAR
990,510513,OUTDOOR ADVENTURE BOOT
991,510514,WOMEN'S LEATHER BOOT-FASHION
992,510515,MEN'S SHOE CASUAL STYLE       
993,510516,MEN'S TRAINING SHOE-SPORTSWEAR
994,510517,WOMEN'S TRAINING SHOES        
995,510518,WOMEN'S SHOES WALKING -2
996,510519,WOMEN'S SHOES FASHION -2
997,510520,WOMEN'S SLIPPERS -2
998,510521,WOMEN'S SANDALS -2
999,510522,MEN'S LEATHER BOOTS
1000,510523,WOMEN'S LEATHER BOOTS
1001,510524,MEN'S SANDALS
1002,510525,CHILDREN'S SLIPPERS
1003,510526,MENS TRAINING SHOE-FOOTWEAR
1004,510527,OUTDOOR ADVENTURE BOOT
1005,510528,CHILD'S TRAINERS-SPORTS       
1006,510529,WOMANS BOOTS                  
1007,510530,"WOMEN'S SHOES-FLAT MAX 1"" HEEL"
1008,510531,WOMEN'S SHOES HIGH- SENSIBLE
1009,510532,WOMEN'S SHOES- HIGH- STILETTO
1010,510533,WOMENS SHOE                   
1011,510534,WALKING/HIKING BOOT           
1012,510535,CANVAS FASHION ADULT SHOE/TRAI
1013,520102,GENT'S WALLET
1014,520103,LADY'S UMBRELLA -FOLDING      
1015,520104,CLOCK-BATTERY POWERED
1016,520105,ADULT'S WATCH
1017,520106,"9CT GOLD CHAIN 18-20""/46-51CM "
1018,520108,SPECTACLE FRAMES STATE TYPE
1019,520109,LADIES HAND/SHLDER BAG        
1020,520111,SUITCASE  LARGE
1021,520113,CALCULATOR-HAND HELD-BASIC MOD
1022,520114,STERLING SILVER EARRINGS PLAIN
1023,520115,CONTACT LENS-SOFT PER PAIR
1024,520116,SILVER CHARM
1025,520117,9CT GOLD BANGLE
1026,520118,FLOWER VASE                   
1027,520119,REFILLABLE CIGARETTE LIGHTER
1028,520120,SPORTS BAG/HOLDALL-LARGE-NOT L
1029,520121,PICTURE/PHOTO FRAME-SLVR PLATD
1030,520122,SPORTS BAG/HOLDALL-NOT LEATHER
1031,520123,EARRINGS- FASHION             
1032,520124,WALL HANGING MIRROR
1033,520125,DAILY DISPOSABLE CONTACT LENSE
1034,520126,SUNGLASSES
1035,520128,SPECTACLE FRAMES
1036,520129,PRESCRIPTION LENSES
1037,520130,SOLID GOLD RING 9CT           
1038,520131,GENT'S WATCH- ANALOGUE FACE   
1039,520132,WALL HANGING MIRROR UPTO 1.5M 
1040,520133,18 CT GOLD GEMSTONE RING
1041,520134,LUGGAGE TROLLEY CASE - 60-70CM
1042,520135,DIAMOND SOLITAIRE RING        
1043,520136,PHOTO FRAME                   
1044,520137,STERLING SILVER EARRINGS      
1045,520138,SPECTACLE FRAMES WITH LENSE   
1046,520139,DAILY DISPOSABLE SOFT LENSES  
1047,520140,NECKLACE FASHION APX 16/20 INS
1048,520141,MOBILE PHONE ACCESSORY        
1049,520201,SOLUBLE ASPIRIN
1050,520202,INDIGESTION TABLETS 16-24 PACK
1051,520203,ANTISEPTIC CREAM
1052,520206,TAMPONS-PACK OF 10-20         
1053,520208,TOILET SOAP-LARGE BAR
1054,520209,TOOTHPASTE (SPECIFY SIZE)     
1055,520212,SHAMPOO
1056,520213,TISSUES-LARGE SIZE BOX        
1057,520214,LIPSTICK
1058,520215,MOISTURISER FACIAL 50-150ML   
1059,520216,DEODORANT (50-250ML)          
1060,520217,AFTER SHAVE
1061,520219,"DISP NAPPIES, SPEC TYPE, 20-60"
1062,520220,CONDOMS-PACK OF 12
1063,520221,DISPOSABLE RAZORS-PACK OF 5
1064,520222,MULTI-VITAMINS CAPSULES/TABLET
1065,520223,MASCARA                       
1066,520224,CONTACT LENS SOLN STERILE SALI
1067,520225,TOILET SOAP-LARGE BAR-3/4 PCK
1068,520226,SHAMPOO-250-400ML             
1069,520227,PAIN KILLER TABLETS-16-24 PACK
1070,520228,PLASTERS-20-40 PACK           
1071,520229,WOMEN'S EAU DE PERFUME-NATURAL
1072,520230,CONDOMS PACK OF 3-14          
1073,520231,CONTACT LENS SOLUTION- SALINE
1074,520232,WOMEN'S EAU DE PERFUME-SPRAY
1075,520233,HAIR CONDITIONER
1076,520234,PERFUME/EUD DE TOILETTE       
1077,520235,SUNSCREEN - SPEC SIZE/SPF     
1078,520236,WOMENS HAIR COLOURANT 60-140ML
1079,520237,HAIR GEL 150-200ML            
1080,520238,SHOWER GEL 150-250ML          
1081,520239,DISPOSABLE RAZORS PACK OF 10
1082,520240,BAR OF TOILET SOAP (100-125G)
1083,520241,RAZOR CARTRIDGE BLADES        
1084,520242,COLD/FLU DRINK POWDER         
1085,520243,LIQUID FOUNDATION SPECIFY SIZE
1086,520244,TOOTHBRUSH                    
1087,520245,ANTIHISTAMINE ALLERGY TABLETS 
1088,520246,LIP GLOSS                     
1089,520247,LIQUID SOAP 200-300ML         
1090,520248,CONDITIONER FOR HAIR          
1091,520249,BABY WIPES 50-85              
1092,520250,NAIL VARNISH BOTTLE 7-12ML    
1093,520251,COUGH LIQUID BOTTLE 150-200MLSCOUGH LIQUID BOTTLE 150-200MLSCOUGH LIQUID BOTTLE 150-200MLS
1094,520252,BODY M'RISING LOTION 200-400MLBODY M'RISING LOTION 200-400MLBODY M'RISING LOTION 200-400ML
1095,520301,MAN'S HAIRCUT                 
1096,520303,WOMEN'S HRDRESSING-CUT/BLOWDRY
1097,520309,EYESIGHT TEST CHARGE
1098,520310,FLOWER DELIVERY 1
1099,520311,WOMENS HIGHLIGHTING           
1100,520312,FLOWER DELIVERY 2
1101,520313,NON-NHS MEDICINE-PHYSIOTHERAPY
1102,520314,PRIVATE RESIDENTIAL HOMES
1103,520315,VOLUNTARY RESIDENTIAL HOMES
1104,520316,PRIVATE NURSING HOMES
1105,520317,VOLUNTARY NURSING HOMES
1106,520320,FLORIST - DELIVERY COST
1107,520323,FULL LEG WAX (BOTH LEGS)      
1108,520324,RESIDENTIAL HOME              
1109,520325,NURSING HOME                  
1110,520326,PRIVATE DENTAL EXAMINATION    
1111,520329,COSMETIC SURGERY
1112,520331,BASIC MANICURE                
1113,520332,NON NHS CHIROPRACTOR          
1114,610201,CAR REPAIRS - LABOUR PER HOUR
1115,610204,TYRES-TUBELESS RADIAL         
1116,610211,REPLACEMENT EXHAUST FULL SYSTE
1117,610212,CAR BATTERY                   
1118,610213,CAR-PARK CHARGES FOR 2 HOURS
1119,610214,CAR SERVICE EXCLUDING PARTS
1120,610217,OIL FILTER
1121,610219,CAR POLISH
1122,610221,WINDSCREEN WIPER BLADES       
1123,610222,CHILDS CAR SEAT
1124,610223,STEERING LOCK DEVICE
1125,610224,PRIMER AEROSOL-SPECIFY SIZE
1126,610225,CAR MECH REPAIRS-LABOUR/HOUR
1127,610226,"BRAKE PADS, 2 FRONT PAIRS     "
1128,610227,"CAR MOT TEST FEE, VAT EXEMPT  "
1129,610229,AUTO CAR WASH
1130,610231,CAR SERVICE- LOCAL GARAGE     
1131,610232,CAR SERVICE- MAIN DEALER      
1132,610233,EXHAUST FITTING IN FAST FIT
1133,610234,BRAKE FITTING IN FAST FIT
1134,610235,CAR REPAIRS MAIN DEALER       
1135,610236,CAR REPAIRS LOCAL GARAGE      
1136,610237,CAR BULB 12 VOLT SPECIFY WATTS
1137,610238,CAR WASH HAND OR AUTOMATIC    
1138,610239,EXHAUST FITTING FAST FIT CENT 
1139,610240,BRAKE FITTING FAST FIT CENTRE 
1140,610241,WHEEL ALIGNMENT
1141,610301,"LEAD REPLACEMENT PETROL,10 LTR"
1142,610303,OIL PER LITRE-MULTIGRADE      
1143,610304,ULTRA-LOW SULPHUR DIESEL 10L
1144,610305,ULTRA LOW SULPHUR PETROL 10L
1145,610306,LEAD FREE PET SUP PER 10 LITRE
1146,620303,SELF-DRIVE VAN HIRE           
1147,620304,PUSHCHAIR/STROLLER            
1148,620305,ADULT BICYCLE
1149,620307,SELF-DRIVE CAR HIRE BASIC 24HR
1150,620308,MINICAB FARE FOR 2 MILES      
1151,620309,CYCLE HELMET
1152,620312,CHILD'S BICYCLE
1153,620315,CAR PARK CHARGES              
1154,620316,ADULT BICYCLE
1155,620317,CHILDS BICYCLE                
1156,620318,ADULT BIKE                    
1157,620319,CYCLE HELMET 12+ SPEC ROAD/MOUCYCLE HELMET 12+ SPEC ROAD/MOUCYCLE HELMET 12+ SPEC ROAD/MOU
1158,630104,COLOUR TV 21IN(51-59CM)+REMOTE
1159,630105,COLOUR TV-14INCH/34CM PORTABLE
1160,630106,VHS VIDEO RECORDER
1161,630108,COMPACT DISC PLAYER
1162,630109,PERSONAL STEREO RADIO CASSETTE
1163,630110,RADIO CASSETTE PLAYER-PORTABLE
1164,630111,MIDI HIFI (INC TWIN DECK CASS)
1165,630112,HI-FI EXCL T-TABLE: NOT SEPS
1166,630113,PORTABLE CD RADIO CASSETTE
1167,630115,PERSONAL CD PLAYER
1168,630116,ELECTRONIC KEYBOARD
1169,630117,DECODER FOR DIGITAL TV
1170,630119,COLOUR TV 25-28INCH (63-72CM)
1171,630120,WIDESCREEN TV; 24-32 INCH
1172,630121,MINI-DISC PLAYER (PORTABLE)
1173,630123,DVD PLAYER - NOT PORTABLE
1174,630124,PDA- COLOUR SCREEN
1175,630125,CAR CD/RADIO AUTOCHANGER
1176,630126,DVD RECORDER
1177,630128,WIDESCREEN TV (24-32 INCH)
1178,630130,HIFI - 2005
1179,630131,WIDESCREEN TV - 2005
1180,630132,MP3 PLAYER
1181,630133,FLAT PANEL  TV
1182,630134,HIFI - 2006
1183,630135,WIDESCREEN TV - 2006
1184,630137,"FLAT PANEL TV 14""-25"""
1185,630138,DIGITAL RADIO (DAB)           
1186,630139,"FLAT PANEL TV 26"" - 42"""
1187,630140,HIFI - 2007
1188,630141,HIFI - 2008
1189,630142,MP3 PLAYER - 2008
1190,630143,FREEVIEW BOX
1191,630144,HIFI 2009
1192,630145,MP4 PLAYER
1193,630146,BLU-RAY PLAYER                
1194,630147,HI-FI RS 2010-11
1195,630148,MP4 PLAYER 2010
1196,630149,"FLAT PANEL TV 14""-22"""
1197,630150,"FLAT PANEL TV 23""-32""         "
1198,630151,"FLAT PANEL TV 33"" +           "
1199,630152,MP4 PLAYER                    
1200,630154,DIGITAL TV RECORDER/RECEIVER  
1201,630155,DVD PLAYER                    
1202,630156,HEADPHONES SPECIFY TYPE       
1203,630157,"FLAT PANEL TV 14-22""/35-55CM  "
1204,630158,HI-FI                         
1205,630159,"TELEVISION 39"" OR SMALLERTELEVISION 39"" OR SMALLERTELEVISION 39"" OR SMALLER"
1206,630160,"TELEVISION 40"" OR LARGERTELEVISION 40"" OR LARGERTELEVISION 40"" OR LARGER"
1207,630162,PORTABLE SPEAKER
1208,630204,PRE-RECORDED CASSETTE ALBUM
1209,630205,BLANK AUDIO CASSETTE 90 MINS
1210,630206,BLANK VIDEO CASSETTE VHS/E180
1211,630207,COMPACT DISC ALBUM-TOP 40
1212,630208,PRE-RECORDED VIDEO
1213,630209,COMPUTER DISKETTES-BOX OF 10
1214,630210,BLANK VIDEO CASSETTE-PACK OF 2
1215,630211,MICROSOFT WINDOWS 95 CD ROM -S
1216,630212,ENCYCLOPAEDIA 97
1217,630213,CD SINGLE-TOP 40
1218,630214,VIRUS CHECKER CD ROM
1219,630215,ENCYCLOPAEDIA 98
1220,630216,ENCYCLOPAEDIA 99
1221,630217,CD-ROM GCSE STUDY AID
1222,630218,PRE-RECORDED DVD EG FILM/TV
1223,630219,CDR SPECIFY LGTH & SIZE
1224,630221,PRE-RECORDED VIDEO TOP 20
1225,630222,PRE-RECORDED DVD TOP 20
1226,630226,RECORDABLE CD PRICE PER CD    
1227,630227,REWRITABLE DVD
1228,630228,PRE-RECORDED DVD (FILM)       
1229,630229,PRE-RECORDED DVD (NON-FILM)   
1230,630230,CD ALBUM (TOP 40)             
1231,630231,CD ALBUM (NOT CHART)          
1232,630233,BLU RAY DISC (FILM) FROM CHART
1233,630305,3 GOLF BALLS
1234,630306,SQUASH RACQUET
1235,630307,DARTS-SET OF 3
1236,630309,BOXED BOARD GAME: NOT TRAVEL  
1237,630312,CHILD'S PLASTIC DOLL          
1238,630313,"MODEL RD VEHICLE, EG MATCHBOX "
1239,630314,CONSTRUCTION TOY: SPEC KIT NO 
1240,630315,CHILDS CYCLE
1241,630317,SLEEPING BAG                  
1242,630318,35MM COLOUR FILM-24 EXPOSURES
1243,630320,DEVELOP/PRINT 135/24 CLR FILM
1244,630322,CAMERA 35MM COMPACT
1245,630324,CHILD'S ELECTRIC TOY/GAME
1246,630325,CHILD'S GAME ELECTRONIC
1247,630328,CAMCORDER-8MM OR VHS-C
1248,630329,ROLLERBLADES (IN-LINE SKATES)
1249,630330,JIGSAW PUZZLE FOR 3-5 YR OLD
1250,630331,EXERCISE BICYCLE
1251,630332,CHILD'S SOFT TOY/TEDDY BEAR   
1252,630335,DISPOSABLE CAMERA 24-27 EXP
1253,630336,FOOTBALL                      
1254,630337,DUMBELLS
1255,630338,GOLF BALLS
1256,630339,DIGITAL CAMERA
1257,630340,CARBON FIBRE FISHING ROD      
1258,630341,PRESCHOOL ACTIVITY TOY        
1259,630342,BEGINNER'S ACOUSTIC GUITAR    
1260,630343,MEN'S FOOTBALL BOOTS          
1261,630345,GOLF BALLS PRICE PER BALL     
1262,630346,GAS BBQ
1263,630347,CHILD'S BABY DOLL             
1264,630349,DIGITAL CAMCORDERS
1265,630352,CHILDS OUTDOOR SWING          
1266,630353,CHILD'S TRIKE FOR UNDER 5'S   
1267,630354,DEVELOPMENT OF 50 DIGI PHOTOS
1268,630357,SQUASH/TENNIS RACQUET         
1269,630358,PORTABLE DIGITAL STORAGE DEVIC
1270,630359,DIGITAL DEVELOPMENT PER PRINT 
1271,630360,DIGITAL CAMCORDERS - 2008
1272,630361,DIGITAL CAMCORDER 2009
1273,630362,COMPUTER GAME TOP 20 CHART    
1274,630364,DIGITAL CAMCORDER 2010
1275,630365,CRAFT KIT FOR CHILD 5 YRS+    
1276,630366,DIGITAL CAMCORDER RS 2011
1277,630367,DIGITAL CAMCORDER             
1278,630368,ELECTRONIC EDUCATIONAL TOY    
1279,630369,CHARCOAL BBQ NOT DISPOSABLE   
1280,630373,JIGSAW MINIMUM 100 PIECESJIGSAW MINIMUM 100 PIECESJIGSAW MINIMUM 100 PIECES
1281,630374,CHILDS SCOOTER AGE 5-12 YEARSCHILDS SCOOTER AGE 5-12 YEARSCHILDS SCOOTER AGE 5-12 YEARS
1282,630376,CHILDS SIT & RIDE TOY U'ER 5'SCHILDS SIT & RIDE TOY U'ER 5'SCHILDS SIT & RIDE TOY U'ER 5'S
1283,630377,ACTION CAMERAACTION CAMERAACTION CAMERA
1284,630407,SUNDAY NEWSPAPERS
1285,630408,NATIONAL DAILY NEWSPAPERS
1286,630409,EVENING NEWSPAPERS LONDON
1287,630410,PROVINCIAL MORNING NEWSPAPERS
1288,630411,EVENING NEWSPAPERS
1289,630412,PERIODICALS
1290,630417,CHILDREN'S PERIODICALS
1291,630419,LOCAL WEEKLY NEWSPAPER-BOUGHT
1292,630420,BOOK HARDBACK
1293,630421,BOOK PAPERBACK
1294,630422,BOOK-REFERENCE (EG ATLAS/DICT)
1295,630423,BOOK-FICTION-HARD COVER-TOP 10
1296,630424,BOOK-FICTION-PAPERBACK-TOP 10
1297,630425,BOOK-NON-FICTION-HARD-COVER   
1298,630426,BOOK-NON-FICTION-PAPER-BACK   
1299,630434,BOOK ILLUSTRATED FOR UNDER 5  
1300,630435,BOOK - FICTION - HARD COVER   
1301,630437,BOOK - TEENAGE FICTION        
1302,630439,BOOK FICTION P/BACK TOP 10    
1303,630440,"CHILDS BOOK, FICTION 6-12YRS"
1304,630504,LIQUID FERTILISER
1305,630505,GARDEN SPADE                  
1306,630507,HOUSEPLANT                    
1307,630509,GARDENING GLOVES
1308,630510,POTTING COMPOST               
1309,630512,SEED PACK. SPEC VAR SEASONAL  
1310,630514,ROSEBUSH FLORIBUNDA/HYBRID TEA
1311,630516,MOWER ELECTRIC ROTARY
1312,630517,MOWER ELECTRIC CYLINDER
1313,630518,CUT FLOWERS-CARNATIONS-STEM   
1314,630519,POTTED SHRUB                  
1315,630520,"MOWER ELECTRIC, SPECIFY TYPE  "
1316,630521,GRASS/EDGE STRIMMER
1317,630522,"DECORATIVE PLANT POT 10-20"""
1318,630523,CUT FLOWERS LILLIES
1319,630525,PLANT FOOD 800ML-2LT/500G-1.5K
1320,630526,"SEEDS,PKT,SPEC VAR(SEASONAL)"
1321,640108,VHS VCR (REM CONTROL) RENTAL
1322,640110,DAILY FILM DVD RENTAL
1323,640111,RENTAL - 37CM (NON TELETEXT)
1324,640112,RENTAL - 51CM TELETEXT TV
1325,640114,RENTAL - 59CM TELETEXT TV
1326,640116,RENTAL - 66CM TELETEXT TV
1327,640117,RENTAL - 59CM NICAM STEREO TV
1328,640206,CINEMA (STD ADULT EVE SEAT)
1329,640207,NIGHTCLUB ENTRY-SATURDAY
1330,640209,BINGO-ENTRANCE FEE EXCL BOOKS
1331,640212,THEATRE ADULT EVES-FRONT STLLS
1332,640214,PLAYGROUP FEES-PER SESSION
1333,640215,SQUASH COURT-EVE PER HR IF DIF
1334,640218,LEISURE-CENTRE SPECTRS ADMSSN
1335,640219,SWIMMING POOL ADM STND ADULT  
1336,640220,LEISURE CENTRE ANNUAL M'SHIP
1337,640222,EXERCISE CLASS UPTO 1HR       
1338,640223,SQUASH CRT-EVENING 30-40 MINS
1339,640224,TEN-PIN BOWLING PER GAME      
1340,640226,PRIVATE HEALTH CLUB ANNUAL FEE
1341,640232,SQUASH COURT- EVENING
1342,640233,LEISURE CENTRE MEMBERSHIP
1343,640240,LIVERY CHARGES PER WEEK       
1344,640243,SOFT PLAY SESSION TIME PERIODSOFT PLAY SESSION TIME PERIODSOFT PLAY SESSION TIME PERIOD
1345,640406,HOTEL 1 NIGHT PRICE           
